date,code,open,high,low,close,volume,amount
2021-08-20,sh.601728,4.79,6.52,4.58,6.11,3884664320,20105590935.0
2021-08-23,sh.601728,5.5,5.5,5.5,5.5,310972400,1710348200.0
2021-08-24,sh.601728,4.95,4.95,4.95,4.95,406597504,2012657625.0
2021-08-25,sh.601728,4.95,5.14,4.77,4.83,2084090256,10182275515.46
2021-08-26,sh.601728,4.73,4.84,4.62,4.71,1381649328,6471125817.76
2021-08-27,sh.601728,4.66,4.7,4.6,4.61,915488256,4241738648.5
2021-08-30,sh.601728,4.62,4.67,4.58,4.64,828324064,3821401676.65
2021-08-31,sh.601728,4.61,4.62,4.55,4.56,742828832,3392268860.08
2021-09-01,sh.601728,4.55,4.61,4.54,4.58,691719408,3164104038.61
2021-09-02,sh.601728,4.56,4.57,4.54,4.56,598877040,2724702722.0
2021-09-03,sh.601728,4.55,4.55,4.53,4.54,560911936,2547149313.06
2021-09-06,sh.601728,4.54,4.58,4.53,4.55,596007072,2710518570.11
2021-09-07,sh.601728,4.54,4.55,4.53,4.54,498043232,2260798202.6
2021-09-08,sh.601728,4.54,4.55,4.53,4.54,457927360,2078538311.47
2021-09-09,sh.601728,4.54,4.55,4.53,4.54,419472208,1903991706.13
2021-09-10,sh.601728,4.54,4.55,4.53,4.53,402243808,1825151136.12
2021-09-13,sh.601728,4.53,4.54,4.53,4.54,343276816,1556374120.66
2021-09-14,sh.601728,4.54,4.54,4.53,4.53,408281632,1850571691.25
2021-09-15,sh.601728,4.53,4.54,4.53,4.53,339075120,1536797205.36
2021-09-16,sh.601728,4.53,4.54,4.53,4.53,436825808,1979723046.24
2021-09-17,sh.601728,4.53,4.54,4.53,4.53,539070048,2442833878.97
2021-09-22,sh.601728,4.54,4.73,4.53,4.63,543501920,2511000019.25
2021-09-23,sh.601728,4.59,4.6,4.54,4.55,334993200,1524449637.63
2021-09-24,sh.601728,4.54,4.55,4.43,4.44,354509152,1585257583.41
2021-09-27,sh.601728,4.44,4.44,4.3,4.31,285734320,1241402320.91
2021-09-28,sh.601728,4.29,4.38,4.25,4.34,158002969,681213378.87
2021-09-29,sh.601728,4.29,4.31,4.25,4.26,145843812,622819085.76
2021-09-30,sh.601728,4.26,4.3,4.25,4.29,97689323,417242994.42
2021-10-08,sh.601728,4.3,4.35,4.27,4.34,140377383,605277972.86
2021-10-11,sh.601728,4.33,4.35,4.31,4.33,105987535,458657570.69
2021-10-12,sh.601728,4.32,4.33,4.25,4.28,126268161,540901958.76
2021-10-13,sh.601728,4.27,4.28,4.25,4.27,85803160,366030483.49
2021-10-14,sh.601728,4.27,4.27,4.25,4.26,67538893,287773377.91
2021-10-15,sh.601728,4.26,4.28,4.25,4.26,78302887,333829891.56
2021-10-18,sh.601728,4.26,4.26,4.21,4.22,115107082,486110059.33
2021-10-19,sh.601728,4.22,4.23,4.19,4.2,93616996,393561817.11
2021-10-20,sh.601728,4.2,4.21,4.18,4.19,80494821,337215586.11
2021-10-21,sh.601728,4.19,4.19,4.16,4.17,88284552,368320418.44
2021-10-22,sh.601728,4.16,4.16,4.13,4.14,103028857,427089228.67
2021-10-25,sh.601728,4.14,4.22,4.14,4.22,140698566,588654773.1
2021-10-26,sh.601728,4.2,4.22,4.16,4.2,106323021,444934726.39
2021-10-27,sh.601728,4.18,4.23,4.14,4.23,127170880,531832950.87
2021-10-28,sh.601728,4.23,4.41,4.18,4.41,211183338,903833886.32
2021-10-29,sh.601728,4.35,4.39,4.31,4.39,166786136,726321997.39
2021-11-01,sh.601728,4.35,4.36,4.31,4.33,86848662,376131564.27
2021-11-02,sh.601728,4.31,4.33,4.22,4.22,103392173,441375814.06
2021-11-03,sh.601728,4.21,4.22,4.19,4.21,56751205,238716055.45
2021-11-04,sh.601728,4.21,4.22,4.18,4.19,60252322,252605813.7
2021-11-05,sh.601728,4.19,4.27,4.17,4.24,117217118,495684838.89
2021-11-08,sh.601728,4.22,4.24,4.2,4.21,57234348,241042211.56
2021-11-09,sh.601728,4.2,4.24,4.19,4.22,54105157,228141216.66
2021-11-10,sh.601728,4.22,4.23,4.19,4.21,53161541,223587319.39
2021-11-11,sh.601728,4.2,4.23,4.2,4.21,63302413,266651974.41
2021-11-12,sh.601728,4.21,4.22,4.2,4.21,56733806,238809614.48
2021-11-15,sh.601728,4.22,4.25,4.21,4.22,69201950,292359117.0
2021-11-16,sh.601728,4.22,4.23,4.2,4.21,55596261,234427455.33
2021-11-17,sh.601728,4.21,4.22,4.2,4.21,39879159,167862985.39
2021-11-18,sh.601728,4.21,4.22,4.18,4.18,62993300,264188491.0
2021-11-19,sh.601728,4.18,4.2,4.17,4.19,57566672,240786708.0
2021-11-22,sh.601728,4.19,4.4,4.18,4.4,232716104,998998253.02
2021-11-23,sh.601728,4.32,4.35,4.29,4.3,124425580,536434783.62
2021-11-24,sh.601728,4.29,4.32,4.26,4.29,74774503,320272954.77
2021-11-25,sh.601728,4.28,4.3,4.28,4.28,42905517,183917679.38
2021-11-26,sh.601728,4.28,4.29,4.27,4.28,50985664,218147870.28
2021-11-29,sh.601728,4.27,4.31,4.24,4.28,71173828,305020555.95
2021-11-30,sh.601728,4.28,4.3,4.27,4.28,61362300,262893429.93
2021-12-01,sh.601728,4.27,4.3,4.26,4.29,57230649,244939427.96
2021-12-02,sh.601728,4.28,4.29,4.27,4.28,52096090,223057160.2
2021-12-03,sh.601728,4.28,4.36,4.27,4.32,125563534,542392913.9
2021-12-06,sh.601728,4.31,4.37,4.3,4.33,131942432,571394467.5
2021-12-07,sh.601728,4.32,4.35,4.31,4.33,85493857,369889858.42
2021-12-08,sh.601728,4.33,4.35,4.32,4.34,87365910,379054728.87
2021-12-09,sh.601728,4.34,4.42,4.33,4.42,178988712,782998823.31
2021-12-10,sh.601728,4.38,4.47,4.37,4.44,220846266,976864214.39
2021-12-13,sh.601728,4.42,4.44,4.4,4.4,120544625,532085264.24
2021-12-14,sh.601728,4.39,4.4,4.34,4.34,99235500,432356328.0
2021-12-15,sh.601728,4.33,4.37,4.32,4.35,76716358,333776278.87
2021-12-16,sh.601728,4.35,4.37,4.33,4.36,65330610,284233357.97
2021-12-17,sh.601728,4.35,4.36,4.34,4.35,53101619,231026600.02
2021-12-20,sh.601728,4.35,4.47,4.34,4.42,222091253,981468309.87
2021-12-21,sh.601728,4.41,4.45,4.39,4.43,126315229,558254807.32
2021-12-22,sh.601728,4.43,4.44,4.36,4.36,101516603,445371279.79
2021-12-23,sh.601728,4.36,4.38,4.35,4.35,67862700,295986917.0
2021-12-24,sh.601728,4.35,4.36,4.31,4.31,87025648,376478308.84
2021-12-27,sh.601728,4.31,4.34,4.3,4.32,61368267,265013715.64
2021-12-28,sh.601728,4.32,4.33,4.3,4.32,45236903,194947709.52
2021-12-29,sh.601728,4.32,4.32,4.3,4.31,35787095,154206701.88
2021-12-30,sh.601728,4.31,4.34,4.3,4.31,45510844,196612693.85
2021-12-31,sh.601728,4.32,4.34,4.31,4.33,48703707,210624746.92
2022-01-04,sh.601728,4.32,4.4,4.32,4.38,123273192,537585467.75
2022-01-05,sh.601728,4.36,4.36,4.3,4.3,145210563,627077131.69
2022-01-06,sh.601728,4.3,4.32,4.28,4.3,76037027,326584669.14
2022-01-07,sh.601728,4.29,4.33,4.29,4.29,73837180,317826451.48
2022-01-10,sh.601728,4.29,4.34,4.29,4.32,97150111,419457556.93
2022-01-11,sh.601728,4.32,4.33,4.3,4.31,70170093,302969846.97
2022-01-12,sh.601728,4.31,4.32,4.3,4.31,38055898,163985883.61
2022-01-13,sh.601728,4.32,4.34,4.3,4.3,71834965,310070974.8
2022-01-14,sh.601728,4.3,4.31,4.26,4.26,91742675,392745513.87
2022-01-17,sh.601728,4.26,4.28,4.25,4.27,49411805,210672459.87
2022-01-18,sh.601728,4.27,4.31,4.26,4.29,66871847,286391941.79
2022-01-19,sh.601728,4.28,4.28,4.26,4.26,46798118,199747624.49
2022-01-20,sh.601728,4.28,4.3,4.27,4.28,60206506,257733577.21
2022-01-21,sh.601728,4.28,4.28,4.26,4.27,45785571,195406262.38
2022-01-24,sh.601728,4.27,4.29,4.25,4.28,57095606,244017463.05
2022-01-25,sh.601728,4.27,4.28,4.19,4.2,87692900,370836292.0
2022-01-26,sh.601728,4.2,4.23,4.2,4.21,40425668,170136455.63
2022-01-27,sh.601728,4.22,4.22,4.15,4.15,62497105,260904813.65
2022-01-28,sh.601728,4.16,4.18,4.15,4.16,43075097,179425713.91
2022-02-07,sh.601728,4.18,4.22,4.17,4.21,47537168,199736306.4
2022-02-08,sh.601728,4.21,4.33,4.2,4.29,155000348,665685250.25
2022-02-09,sh.601728,4.28,4.47,4.27,4.41,365676544,1607185121.56
2022-02-10,sh.601728,4.37,4.38,4.3,4.32,178249188,771994475.74
2022-02-11,sh.601728,4.31,4.35,4.3,4.31,88643407,382911239.38
2022-02-14,sh.601728,4.3,4.31,4.24,4.26,96647559,412244297.13
2022-02-15,sh.601728,4.25,4.26,4.23,4.24,42035209,178331099.97
2022-02-16,sh.601728,4.25,4.26,4.23,4.25,53418895,226703771.73
2022-02-17,sh.601728,4.24,4.25,4.22,4.22,39390698,166755575.5
2022-02-18,sh.601728,4.22,4.26,4.22,4.26,50132721,212946329.26
2022-02-21,sh.601728,4.2,4.22,4.14,4.19,477608832,1991650359.2
2022-02-22,sh.601728,4.16,4.18,4.14,4.16,197596113,821223048.69
2022-02-23,sh.601728,4.16,4.18,4.15,4.18,113603349,473545127.46
2022-02-24,sh.601728,4.17,4.17,4.12,4.13,188477794,780877752.02
2022-02-25,sh.601728,4.13,4.16,4.13,4.14,91649697,379676067.92
2022-02-28,sh.601728,4.14,4.14,4.1,4.12,101461399,417941232.0
2022-03-01,sh.601728,4.12,4.13,4.11,4.13,59536641,245238003.0
2022-03-02,sh.601728,4.12,4.13,4.11,4.13,72925121,300071248.0
2022-03-03,sh.601728,4.12,4.15,4.12,4.14,93391460,386342160.0
2022-03-04,sh.601728,4.13,4.13,4.1,4.12,105817338,435542432.0
2022-03-07,sh.601728,4.11,4.11,4.06,4.07,126244416,515305072.0
2022-03-08,sh.601728,4.07,4.09,4.0,4.01,120029748,484124208.0
2022-03-09,sh.601728,4.01,4.02,3.82,3.95,150975445,594676064.0
2022-03-10,sh.601728,3.97,3.99,3.93,3.99,98732878,391076480.0
2022-03-11,sh.601728,3.95,3.97,3.9,3.96,73156319,287644208.0
2022-03-14,sh.601728,3.93,3.98,3.92,3.97,88700302,350702032.0
2022-03-15,sh.601728,3.94,3.95,3.87,3.9,121067904,472749984.0
2022-03-16,sh.601728,3.91,3.95,3.84,3.94,92905260,362845296.0
2022-03-17,sh.601728,3.95,4.04,3.94,4.04,133782465,531642432.0
2022-03-18,sh.601728,4.06,4.07,4.01,4.05,116138109,469370944.87
2022-03-21,sh.601728,4.03,4.04,4.01,4.03,65305214,262939551.91
2022-03-22,sh.601728,4.02,4.06,4.01,4.05,66306965,267969141.83
2022-03-23,sh.601728,4.05,4.07,4.04,4.05,63796583,258526755.08
2022-03-24,sh.601728,4.04,4.12,4.03,4.08,122287864,499602607.61
2022-03-25,sh.601728,4.06,4.07,4.02,4.03,71826815,290491998.49
2022-03-28,sh.601728,4.0,4.03,3.96,4.01,62486822,249209445.91
2022-03-29,sh.601728,4.01,4.03,3.99,4.01,44759474,179456804.29
2022-03-30,sh.601728,4.0,4.03,4.0,4.02,47260123,189724663.74
2022-03-31,sh.601728,4.01,4.03,4.0,4.0,44137680,176985830.72
2022-04-01,sh.601728,3.99,4.02,3.97,4.01,41626147,166578959.31
2022-04-06,sh.601728,4.01,4.04,4.0,4.03,45996450,184943392.34
2022-04-07,sh.601728,4.02,4.05,4.0,4.0,45691252,183952582.54
2022-04-08,sh.601728,4.0,4.02,3.98,4.01,52396590,209618879.68
2022-04-11,sh.601728,4.01,4.01,3.95,3.97,70129823,279390737.37
2022-04-12,sh.601728,3.96,4.0,3.95,4.0,45321040,180057675.98
2022-04-13,sh.601728,3.99,4.05,3.97,4.02,78372464,314445523.42
2022-04-14,sh.601728,4.02,4.04,4.01,4.02,53414599,214942851.5
2022-04-15,sh.601728,4.01,4.03,3.99,4.01,53325000,213855045.23
2022-04-18,sh.601728,4.0,4.01,3.96,3.97,65036445,258823472.0
2022-04-19,sh.601728,3.98,3.99,3.96,3.99,35423204,140885910.35
2022-04-20,sh.601728,3.99,4.0,3.97,3.97,42888172,170772163.33
2022-04-21,sh.601728,3.98,3.98,3.91,3.92,72015763,284315296.42
2022-04-22,sh.601728,3.91,3.99,3.9,3.96,70783766,279116709.49
2022-04-25,sh.601728,3.93,3.99,3.87,3.9,101169239,398057777.51
2022-04-26,sh.601728,3.9,3.92,3.85,3.86,63334681,245533499.85
2022-04-27,sh.601728,3.84,3.88,3.82,3.87,77565570,298352478.96
2022-04-28,sh.601728,3.86,3.87,3.83,3.85,66206728,254879408.31
2022-04-29,sh.601728,3.86,3.9,3.85,3.89,74731977,289367817.22
2022-05-05,sh.601728,3.88,3.88,3.86,3.87,80892835,313001869.08
2022-05-06,sh.601728,3.83,3.85,3.82,3.84,63573860,243835585.6
2022-05-09,sh.601728,3.83,3.86,3.83,3.85,37077199,142708441.45
2022-05-10,sh.601728,3.83,3.86,3.82,3.86,40208588,154484701.54
2022-05-11,sh.601728,3.85,3.89,3.84,3.84,80526317,311065058.35
2022-05-12,sh.601728,3.84,3.86,3.83,3.84,51102695,196263638.28
2022-05-13,sh.601728,3.84,3.86,3.84,3.85,42695370,164244390.74
2022-05-16,sh.601728,3.86,3.86,3.84,3.85,37419821,144082456.38
2022-05-17,sh.601728,3.85,3.86,3.84,3.85,28038039,107880647.38
2022-05-18,sh.601728,3.86,3.86,3.84,3.86,39822218,153406977.08
2022-05-19,sh.601728,3.84,3.85,3.83,3.85,42849498,164585125.65
2022-05-20,sh.601728,3.85,3.87,3.84,3.86,77014676,297155625.93
2022-05-23,sh.601728,3.86,3.89,3.85,3.88,76016041,294002372.52
2022-05-24,sh.601728,3.88,3.88,3.84,3.84,78012003,300795421.55
2022-05-25,sh.601728,3.84,3.87,3.84,3.86,41914204,161502593.08
2022-05-26,sh.601728,3.86,3.88,3.85,3.87,41112842,158844091.4
2022-05-27,sh.601728,3.88,3.88,3.85,3.86,38191472,147601784.81
2022-05-30,sh.601728,3.87,3.87,3.85,3.86,33516807,129311607.5
2022-05-31,sh.601728,3.85,3.88,3.85,3.87,51171676,197766916.08
2022-06-01,sh.601728,3.88,3.9,3.87,3.89,68125452,264788931.87
2022-06-02,sh.601728,3.89,3.92,3.87,3.91,54715676,213029149.2
2022-06-06,sh.601728,3.91,3.91,3.89,3.91,81071842,316163747.9
2022-06-07,sh.601728,3.91,3.92,3.89,3.91,63830522,249422815.79
2022-06-08,sh.601728,3.76,3.78,3.73,3.74,122770381,460567571.14
2022-06-09,sh.601728,3.74,3.76,3.73,3.75,58599544,219108770.75
2022-06-10,sh.601728,3.74,3.78,3.73,3.78,79535006,298422385.6
2022-06-13,sh.601728,3.76,3.77,3.74,3.75,49254740,184923458.06
2022-06-14,sh.601728,3.74,3.75,3.72,3.75,54143101,202342015.13
2022-06-15,sh.601728,3.75,3.83,3.74,3.82,152895107,580699291.12
2022-06-16,sh.601728,3.8,3.81,3.77,3.77,75076394,284046974.02
2022-06-17,sh.601728,3.76,3.77,3.74,3.75,51714166,194110989.42
2022-06-20,sh.601728,3.75,3.77,3.74,3.75,55439740,208014243.63
2022-06-21,sh.601728,3.75,3.76,3.74,3.75,44870491,168324312.01
2022-06-22,sh.601728,3.76,3.76,3.73,3.73,41881978,156561741.05
2022-06-23,sh.601728,3.73,3.75,3.72,3.74,40486808,151221555.97
2022-06-24,sh.601728,3.74,3.75,3.73,3.74,36871941,137807995.65
2022-06-27,sh.601728,3.75,3.75,3.73,3.74,40732621,152424135.28
2022-06-28,sh.601728,3.74,3.75,3.73,3.75,34819323,130185591.22
2022-06-29,sh.601728,3.75,3.75,3.72,3.74,54544445,203867102.85
2022-06-30,sh.601728,3.73,3.74,3.72,3.73,63467023,236725122.59
2022-07-01,sh.601728,3.72,3.73,3.72,3.72,36005842,134046835.24
2022-07-04,sh.601728,3.72,3.73,3.71,3.73,35253069,131202296.46
2022-07-05,sh.601728,3.73,3.73,3.71,3.71,47360300,175946698.61
2022-07-06,sh.601728,3.71,3.72,3.69,3.7,51906515,192034416.41
2022-07-07,sh.601728,3.7,3.72,3.69,3.7,43095860,159571653.92
2022-07-08,sh.601728,3.71,3.72,3.7,3.71,34391473,127536604.13
2022-07-11,sh.601728,3.71,3.74,3.69,3.72,69466528,258843326.54
2022-07-12,sh.601728,3.72,3.76,3.72,3.74,79052412,295566735.16
2022-07-13,sh.601728,3.74,3.75,3.72,3.75,40762733,152397578.42
2022-07-14,sh.601728,3.75,3.75,3.72,3.72,35822629,133666082.17
2022-07-15,sh.601728,3.73,3.74,3.71,3.71,53736109,200208995.92
2022-07-18,sh.601728,3.71,3.74,3.71,3.74,34053948,126899622.85
2022-07-19,sh.601728,3.73,3.74,3.72,3.74,28176311,105160569.03
2022-07-20,sh.601728,3.74,3.75,3.73,3.73,31718661,118462941.53
2022-07-21,sh.601728,3.74,3.75,3.72,3.74,43347071,161983898.98
2022-07-22,sh.601728,3.73,3.74,3.72,3.74,27979112,104414353.76
2022-07-25,sh.601728,3.74,3.74,3.71,3.72,30638199,114088924.28
2022-07-26,sh.601728,3.73,3.75,3.71,3.74,49967309,186725396.02
2022-07-27,sh.601728,3.74,3.75,3.73,3.73,23580872,88091018.56
2022-07-28,sh.601728,3.73,3.74,3.72,3.73,33513976,125001072.72
2022-07-29,sh.601728,3.73,3.74,3.71,3.71,36635973,136194484.44
2022-08-01,sh.601728,3.71,3.73,3.7,3.71,31986487,118796979.84
2022-08-02,sh.601728,3.7,3.71,3.65,3.7,96184362,353520697.11
2022-08-03,sh.601728,3.68,3.7,3.67,3.68,30077671,110681635.42
2022-08-04,sh.601728,3.68,3.69,3.67,3.68,25838119,94984358.0
2022-08-05,sh.601728,3.69,3.7,3.67,3.7,31819335,117290820.0
2022-08-08,sh.601728,3.69,3.7,3.68,3.7,23352042,86214363.0
2022-08-09,sh.601728,3.69,3.74,3.69,3.73,58108274,216196493.0
2022-08-10,sh.601728,3.72,3.75,3.71,3.72,39695455,147910275.0
2022-08-11,sh.601728,3.73,3.75,3.72,3.74,55279825,206540177.0
2022-08-12,sh.601728,3.76,3.76,3.74,3.75,63108243,236750720.0
2022-08-15,sh.601728,3.75,3.76,3.74,3.76,50338459,188902755.58
2022-08-16,sh.601728,3.76,3.76,3.74,3.75,38381768,143865709.93
2022-08-17,sh.601728,3.74,3.77,3.73,3.77,126263961,473473235.5
2022-08-18,sh.601728,3.76,3.78,3.74,3.77,71219683,267288565.4
2022-08-19,sh.601728,3.76,3.8,3.75,3.8,94871182,358810818.62
2022-08-22,sh.601728,3.78,3.83,3.77,3.83,106698099,406494064.19
2022-08-23,sh.601728,3.82,3.82,3.79,3.8,45691403,173663704.83
2022-08-24,sh.601728,3.8,3.8,3.74,3.74,67696017,254676380.21
2022-08-25,sh.601728,3.76,3.77,3.72,3.76,54473645,204241327.08
2022-08-26,sh.601728,3.76,3.76,3.73,3.74,31700885,118721477.9
2022-08-29,sh.601728,3.73,3.74,3.72,3.74,28414746,105992611.81
2022-08-30,sh.601728,3.73,3.75,3.73,3.74,23356890,87346874.24
2022-08-31,sh.601728,3.74,3.77,3.73,3.75,50319815,188844517.03
2022-09-01,sh.601728,3.76,3.78,3.74,3.76,54744216,205900011.62
2022-09-02,sh.601728,3.77,3.79,3.75,3.79,43850338,165455613.55
2022-09-05,sh.601728,3.79,3.82,3.77,3.82,64701357,245642406.0
2022-09-06,sh.601728,3.81,3.83,3.8,3.81,57495208,219322850.43
2022-09-07,sh.601728,3.81,3.83,3.79,3.82,55939293,212988310.94
2022-09-08,sh.601728,3.72,3.76,3.7,3.75,114160303,426707319.01
2022-09-09,sh.601728,3.75,3.8,3.73,3.8,108202910,409174877.4
2022-09-13,sh.601728,3.8,3.84,3.77,3.81,93113414,354693213.74
2022-09-14,sh.601728,3.79,3.81,3.75,3.81,81507437,307943344.91
2022-09-15,sh.601728,3.79,3.82,3.77,3.78,54591232,207095869.7
2022-09-16,sh.601728,3.79,3.79,3.74,3.75,66443112,249788238.51
2022-09-19,sh.601728,3.73,3.78,3.72,3.74,43324659,162136889.78
2022-09-20,sh.601728,3.75,3.76,3.72,3.73,22244100,83191947.0
2022-09-21,sh.601728,3.74,3.76,3.71,3.74,43731908,163305576.95
2022-09-22,sh.601728,3.73,3.76,3.72,3.76,32720465,122555170.28
2022-09-23,sh.601728,3.75,3.89,3.75,3.86,237709248,917531784.5
2022-09-26,sh.601728,3.86,3.87,3.79,3.82,100546723,385653939.85
2022-09-27,sh.601728,3.8,3.86,3.8,3.85,63155029,242375164.0
2022-09-28,sh.601728,3.85,3.88,3.82,3.83,77532928,298934270.37
2022-09-29,sh.601728,3.83,3.86,3.79,3.81,65402700,249659636.76
2022-09-30,sh.601728,3.81,3.85,3.79,3.83,40446274,154530709.06
2022-10-10,sh.601728,3.83,3.91,3.82,3.88,142168634,552935937.33
2022-10-11,sh.601728,3.89,3.89,3.86,3.88,53042115,205507670.22
2022-10-12,sh.601728,3.88,3.95,3.87,3.94,132874063,521411331.97
2022-10-13,sh.601728,3.93,3.98,3.89,3.96,111224342,438710896.04
2022-10-14,sh.601728,3.96,3.97,3.9,3.92,107957506,424671835.58
2022-10-17,sh.601728,3.92,3.95,3.9,3.94,70246320,275206713.3
2022-10-18,sh.601728,3.93,3.94,3.89,3.91,60000727,234705498.01
2022-10-19,sh.601728,3.92,3.93,3.88,3.92,53906762,210293511.18
2022-10-20,sh.601728,3.91,3.94,3.89,3.92,56245720,220449474.86
2022-10-21,sh.601728,3.89,3.92,3.87,3.89,59493752,231319712.46
2022-10-24,sh.601728,3.89,3.91,3.85,3.85,73183974,284480561.03
2022-10-25,sh.601728,3.85,3.89,3.84,3.87,56091746,217031011.37
2022-10-26,sh.601728,3.88,3.88,3.86,3.87,47951843,185441458.72
2022-10-27,sh.601728,3.87,3.97,3.86,3.95,118800493,466018743.83
2022-10-28,sh.601728,3.94,3.96,3.9,3.91,53047600,208704198.1
2022-10-31,sh.601728,3.9,3.95,3.89,3.93,65049546,255463113.86
2022-11-01,sh.601728,3.93,3.98,3.92,3.96,65111357,257973631.72
2022-11-02,sh.601728,3.96,4.15,3.92,4.03,170252326,683885827.88
2022-11-03,sh.601728,3.99,4.0,3.93,3.95,92225502,365268278.99
2022-11-04,sh.601728,3.93,3.97,3.92,3.97,78045716,307997177.37
2022-11-07,sh.601728,3.95,3.96,3.94,3.95,55629917,219544379.93
2022-11-08,sh.601728,3.95,3.96,3.93,3.94,44801236,176598811.74
2022-11-09,sh.601728,3.94,3.96,3.93,3.94,31610571,124723684.74
2022-11-10,sh.601728,3.94,3.97,3.93,3.96,44448534,175840459.15
2022-11-11,sh.601728,4.0,4.0,3.97,3.98,53271725,212338346.38
2022-11-14,sh.601728,3.99,3.99,3.92,3.92,71670665,282905242.51
2022-11-15,sh.601728,3.92,3.94,3.87,3.9,104776339,409331057.05
2022-11-16,sh.601728,3.89,3.92,3.88,3.9,50851571,198386900.03
2022-11-17,sh.601728,3.9,3.91,3.88,3.91,34836655,135701360.41
2022-11-18,sh.601728,3.92,3.94,3.9,3.92,75951190,297865087.8
2022-11-21,sh.601728,3.9,3.91,3.89,3.89,36168481,140998047.06
2022-11-22,sh.601728,3.9,4.15,3.89,4.03,295193201,1193974009.55
2022-11-23,sh.601728,4.0,4.08,3.97,4.03,146279833,589371608.48
2022-11-24,sh.601728,4.02,4.06,3.99,4.02,71428747,287132833.88
2022-11-25,sh.601728,4.01,4.26,4.0,4.19,425726918,1774843853.83
2022-11-28,sh.601728,4.12,4.25,4.1,4.2,197635021,828409683.81
2022-11-29,sh.601728,4.2,4.24,4.15,4.18,131215606,549259679.55
2022-11-30,sh.601728,4.18,4.39,4.17,4.34,351669285,1517523759.37
2022-12-01,sh.601728,4.31,4.66,4.28,4.38,412805480,1843509501.27
2022-12-02,sh.601728,4.35,4.42,4.3,4.34,177526513,772362601.99
2022-12-05,sh.601728,4.41,4.66,4.38,4.59,544696113,2481203192.89
2022-12-06,sh.601728,4.51,4.57,4.45,4.5,261048238,1178133504.44
2022-12-07,sh.601728,4.49,4.5,4.33,4.39,267630499,1178943482.68
2022-12-08,sh.601728,4.38,4.39,4.32,4.36,172720691,751974314.98
2022-12-09,sh.601728,4.35,4.48,4.33,4.4,277695328,1226523866.24
2022-12-12,sh.601728,4.38,4.6,4.37,4.47,253952195,1146623813.62
2022-12-13,sh.601728,4.47,4.49,4.38,4.43,94870128,420675402.48
2022-12-14,sh.601728,4.43,4.48,4.34,4.35,120893569,528963621.0
2022-12-15,sh.601728,4.37,4.39,4.33,4.34,104352744,454263145.08
2022-12-16,sh.601728,4.31,4.36,4.31,4.32,90549474,392057700.81
2022-12-19,sh.601728,4.32,4.34,4.13,4.17,141287381,594859214.69
2022-12-20,sh.601728,4.18,4.23,4.14,4.17,75513599,315741977.28
2022-12-21,sh.601728,4.17,4.2,4.11,4.14,80343246,332815813.92
2022-12-22,sh.601728,4.15,4.23,4.1,4.13,109004528,452857465.58
2022-12-23,sh.601728,4.11,4.25,4.11,4.23,108021029,453817383.53
2022-12-26,sh.601728,4.22,4.3,4.19,4.21,71139477,300721798.08
2022-12-27,sh.601728,4.22,4.26,4.2,4.24,72790804,308878758.71
2022-12-28,sh.601728,4.24,4.3,4.19,4.23,81099341,343499671.51
2022-12-29,sh.601728,4.22,4.24,4.16,4.2,73526446,308322901.76
2022-12-30,sh.601728,4.21,4.23,4.16,4.19,59333375,248544490.78
2023-01-03,sh.601728,4.18,4.42,4.15,4.35,188696184,815469529.12
2023-01-04,sh.601728,4.33,4.41,4.32,4.38,121721565,533315063.55
2023-01-05,sh.601728,4.38,4.48,4.35,4.36,116206004,511274776.3
2023-01-06,sh.601728,4.35,4.36,4.27,4.3,112133503,481886634.63
2023-01-09,sh.601728,4.3,4.36,4.27,4.35,104959185,453710167.89
2023-01-10,sh.601728,4.34,4.36,4.3,4.31,70322203,303876270.55
2023-01-11,sh.601728,4.31,4.38,4.3,4.35,120521250,524344881.1
2023-01-12,sh.601728,4.33,4.43,4.31,4.4,127922894,559001571.73
2023-01-13,sh.601728,4.39,4.45,4.37,4.44,130861463,578715371.8
2023-01-16,sh.601728,4.43,4.45,4.33,4.35,172883398,757801324.44
2023-01-17,sh.601728,4.34,4.37,4.29,4.3,84896231,366653122.16
2023-01-18,sh.601728,4.29,4.43,4.26,4.39,155285734,677817258.95
2023-01-19,sh.601728,4.38,4.45,4.35,4.41,122441454,537529607.89
2023-01-20,sh.601728,4.44,4.85,4.44,4.85,797846042,3791523759.42
2023-01-30,sh.601728,4.98,5.11,4.84,5.0,740630217,3679805490.61
2023-01-31,sh.601728,4.95,5.04,4.87,5.0,368999351,1827815575.81
2023-02-01,sh.601728,4.96,5.17,4.93,5.03,327291913,1642537026.98
2023-02-02,sh.601728,5.02,5.25,5.0,5.14,366037855,1883418137.51
2023-02-03,sh.601728,5.09,5.16,5.0,5.13,236712798,1200323230.75
2023-02-06,sh.601728,5.03,5.17,4.96,5.05,260821784,1319522268.11
2023-02-07,sh.601728,5.04,5.08,5.0,5.03,150392684,757392627.47
2023-02-08,sh.601728,4.98,5.03,4.87,4.88,261841839,1287352690.22
2023-02-09,sh.601728,4.83,5.13,4.81,5.03,201796707,1004760702.2
2023-02-10,sh.601728,5.01,5.17,4.97,5.01,150071022,756818644.56
2023-02-13,sh.601728,4.97,5.1,4.95,5.08,194738619,975786977.47
2023-02-14,sh.601728,5.08,5.15,5.01,5.07,111446149,564587217.41
2023-02-15,sh.601728,5.09,5.53,5.07,5.27,312170576,1644991109.85
2023-02-16,sh.601728,5.27,5.8,5.23,5.7,554264034,3138512291.05
2023-02-17,sh.601728,5.71,5.75,5.38,5.45,405778718,2240730986.57
2023-02-20,sh.601728,5.6,6.0,5.45,6.0,727250588,4262905067.71
2023-02-21,sh.601728,6.04,6.18,5.83,6.15,662831717,3979828362.36
2023-02-22,sh.601728,6.01,6.01,5.66,5.68,809373630,4687391781.21
2023-02-23,sh.601728,5.58,5.64,5.38,5.45,726371847,4009878490.42
2023-02-24,sh.601728,5.43,5.61,5.35,5.53,569600714,3121363779.16
2023-02-27,sh.601728,5.45,5.62,5.44,5.5,467459421,2592239426.41
2023-02-28,sh.601728,5.72,5.95,5.63,5.85,902445694,5207803882.88
2023-03-01,sh.601728,5.78,6.42,5.75,6.35,981057198,6049024505.63
2023-03-02,sh.601728,6.25,6.38,6.14,6.28,542295399,3403522908.04
2023-03-03,sh.601728,6.13,6.66,6.07,6.38,667168511,4268597295.57
2023-03-06,sh.601728,6.45,6.66,6.28,6.42,587533000,3789042086.18
2023-03-07,sh.601728,6.33,6.61,6.1,6.16,653625752,4139303495.27
2023-03-08,sh.601728,6.16,6.45,6.11,6.45,484247663,3021012357.35
2023-03-09,sh.601728,6.39,6.95,6.25,6.8,693359672,4554134104.37
2023-03-10,sh.601728,6.68,7.03,6.57,6.63,658496360,4460233820.15
2023-03-13,sh.601728,6.65,7.27,6.63,7.26,790967716,5535545352.58
2023-03-14,sh.601728,7.12,7.51,7.04,7.28,692732110,4983733195.4
2023-03-15,sh.601728,7.27,7.33,7.01,7.15,459893691,3276174504.32
2023-03-16,sh.601728,7.08,7.3,6.95,7.04,506412545,3596827485.08
2023-03-17,sh.601728,7.05,7.25,6.94,7.25,620005786,4413142187.14
2023-03-20,sh.601728,7.21,7.28,6.53,6.53,965962033,6630084553.75
2023-03-21,sh.601728,6.42,6.7,6.42,6.62,582581893,3831159707.39
2023-03-22,sh.601728,6.55,6.85,6.48,6.7,588000306,3944203653.42
2023-03-23,sh.601728,6.85,6.93,6.52,6.89,891549204,6013650154.08
2023-03-24,sh.601728,6.78,6.8,6.51,6.63,700052198,4646233984.77
2023-03-27,sh.601728,6.55,6.64,6.12,6.35,895751714,5673965057.29
2023-03-28,sh.601728,6.3,6.56,6.24,6.42,659140418,4219805122.56
2023-03-29,sh.601728,6.36,6.42,6.12,6.32,612984486,3841735621.35
2023-03-30,sh.601728,6.29,6.4,6.03,6.08,639192746,3938792813.64
2023-03-31,sh.601728,6.1,6.43,6.05,6.33,602553161,3760384857.87
2023-04-03,sh.601728,6.27,6.62,6.23,6.52,708958197,4553913030.81
2023-04-04,sh.601728,6.47,7.08,6.44,6.97,931677510,6368237654.58
2023-04-06,sh.601728,6.81,7.02,6.63,6.92,555849093,3806175105.51
2023-04-07,sh.601728,6.87,7.12,6.76,6.98,401731371,2779516300.63
2023-04-10,sh.601728,6.92,7.24,6.87,6.89,572445573,4016230063.22
2023-04-11,sh.601728,6.81,6.84,6.5,6.62,547027303,3621943547.62
2023-04-12,sh.601728,6.58,7.12,6.56,7.02,647243963,4497643615.89
2023-04-13,sh.601728,6.9,7.0,6.67,6.8,433860357,2962670140.44
2023-04-14,sh.601728,6.82,7.03,6.74,6.89,404839165,2784946792.89
2023-04-17,sh.601728,6.82,7.07,6.72,7.03,496424919,3450897073.39
2023-04-18,sh.601728,6.91,7.15,6.83,7.08,520010908,3635886073.16
2023-04-19,sh.601728,7.03,7.04,6.74,6.77,502542822,3442010687.36
2023-04-20,sh.601728,6.8,6.88,6.65,6.82,383500618,2605304756.85
2023-04-21,sh.601728,6.84,6.9,6.64,6.64,406064675,2743647671.09
2023-04-24,sh.601728,6.62,6.83,6.55,6.66,315763100,2116442228.02
2023-04-25,sh.601728,6.67,6.7,6.39,6.51,357896156,2341217246.64
2023-04-26,sh.601728,6.44,6.55,6.28,6.49,318333369,2031296231.68
2023-04-27,sh.601728,6.38,6.59,6.31,6.53,290689536,1893564161.73
2023-04-28,sh.601728,6.54,6.71,6.51,6.69,253556967,1685319845.61
2023-05-04,sh.601728,6.61,6.72,6.49,6.65,260819023,1725996962.32
2023-05-05,sh.601728,6.65,6.82,6.49,6.61,289866803,1926938176.8
2023-05-08,sh.601728,6.58,7.01,6.53,6.89,467061625,3179833119.0
2023-05-09,sh.601728,6.85,6.96,6.62,6.65,332830469,2252108271.12
2023-05-10,sh.601728,6.65,6.92,6.55,6.75,287876421,1943876195.69
2023-05-11,sh.601728,6.72,6.72,6.5,6.55,260332117,1710972112.64
2023-05-12,sh.601728,6.55,6.69,6.38,6.39,234111666,1522988783.56
2023-05-15,sh.601728,6.36,6.38,6.02,6.24,410561665,2533647244.29
2023-05-16,sh.601728,6.2,6.3,6.06,6.11,221318156,1365199505.13
2023-05-17,sh.601728,6.05,6.05,5.74,5.85,534357591,3121142824.41
2023-05-18,sh.601728,5.87,5.98,5.83,5.9,282876979,1669839479.53
2023-05-19,sh.601728,5.84,5.95,5.75,5.84,219873591,1287462841.88
2023-05-22,sh.601728,5.82,5.96,5.79,5.89,174516009,1030426164.83
2023-05-23,sh.601728,5.88,5.92,5.69,5.7,242081637,1394377853.24
2023-05-24,sh.601728,5.67,5.74,5.63,5.64,174700457,993616404.18
2023-05-25,sh.601728,5.67,5.71,5.51,5.67,214290963,1200781038.87
2023-05-26,sh.601728,5.66,5.79,5.58,5.75,258146734,1472258546.02
2023-05-29,sh.601728,5.78,5.86,5.74,5.81,201445252,1169392292.0
2023-05-30,sh.601728,5.79,6.01,5.75,6.0,296249450,1759429596.0
2023-05-31,sh.601728,5.97,6.14,5.93,6.09,223487830,1357298033.88
2023-06-01,sh.601728,6.05,6.23,6.01,6.18,240015944,1474806387.44
2023-06-02,sh.601728,6.19,6.26,6.11,6.18,171776299,1061646446.87
2023-06-05,sh.601728,6.15,6.25,6.13,6.15,174897024,1083490888.86
2023-06-06,sh.601728,6.18,6.24,6.08,6.1,151197610,932888882.77
2023-06-07,sh.601728,6.09,6.16,6.04,6.12,101900373,621998383.58
2023-06-08,sh.601728,6.1,6.18,5.93,6.17,163050018,992613708.15
2023-06-09,sh.601728,6.09,6.49,6.04,6.49,254049025,1584376474.45
2023-06-12,sh.601728,6.33,6.38,6.25,6.28,287651221,1810430451.6
2023-06-13,sh.601728,6.25,6.28,6.08,6.18,223830258,1378397790.52
2023-06-14,sh.601728,6.17,6.18,6.02,6.05,209787364,1278257817.26
2023-06-15,sh.601728,6.05,6.11,5.92,5.99,222948093,1336629015.71
2023-06-16,sh.601728,5.98,6.0,5.92,5.96,236194478,1406392759.09
2023-06-19,sh.601728,5.97,6.12,5.84,6.09,354821088,2127193149.74
2023-06-20,sh.601728,6.06,6.18,6.0,6.06,228044008,1385910640.1
2023-06-21,sh.601728,6.01,6.01,5.65,5.67,395148183,2287624789.38
2023-06-26,sh.601728,5.58,5.78,5.53,5.65,210265387,1193293331.34
2023-06-27,sh.601728,5.66,5.84,5.61,5.74,245901861,1410722993.67
2023-06-28,sh.601728,5.71,5.73,5.57,5.62,192347549,1082205288.81
2023-06-29,sh.601728,5.6,5.7,5.6,5.67,150914826,853155214.34
2023-06-30,sh.601728,5.66,5.72,5.6,5.63,186626338,1051356886.27
2023-07-03,sh.601728,5.64,5.77,5.58,5.74,255816899,1453669201.78
2023-07-04,sh.601728,5.72,5.83,5.71,5.8,174758837,1009417890.59
2023-07-05,sh.601728,5.83,5.88,5.76,5.79,128182100,744017450.91
2023-07-06,sh.601728,5.78,5.83,5.75,5.79,94257324,545859504.39
2023-07-07,sh.601728,5.76,5.81,5.68,5.73,96799800,554468201.21
2023-07-10,sh.601728,5.75,5.79,5.7,5.73,74454778,427288753.6
2023-07-11,sh.601728,5.73,5.74,5.65,5.7,160520984,911575205.37
2023-07-12,sh.601728,5.7,5.71,5.46,5.47,288360823,1604485207.12
2023-07-13,sh.601728,5.52,5.59,5.48,5.57,226500123,1254129011.89
2023-07-14,sh.601728,5.55,6.02,5.52,5.91,481754498,2810519868.1
2023-07-17,sh.601728,5.85,5.99,5.8,5.86,227060938,1337063722.42
2023-07-18,sh.601728,5.82,5.88,5.77,5.78,124221868,721495302.41
2023-07-19,sh.601728,5.76,5.85,5.74,5.84,117496705,681133742.38
2023-07-20,sh.601728,5.83,5.87,5.73,5.75,114751427,664173694.46
2023-07-21,sh.601728,5.75,5.78,5.7,5.75,112311205,645046125.63
2023-07-24,sh.601728,5.73,5.87,5.69,5.79,115680189,670089405.57
2023-07-25,sh.601728,5.86,5.92,5.77,5.82,134024067,778698170.82
2023-07-26,sh.601728,5.82,5.82,5.69,5.71,125430461,718977210.89
2023-07-27,sh.601728,5.71,5.72,5.59,5.62,128327253,725318639.86
2023-07-28,sh.601728,5.6,5.88,5.58,5.82,226103613,1303419903.57
2023-07-31,sh.601728,5.84,5.91,5.64,5.68,296827268,1705439865.66
2023-08-01,sh.601728,5.7,5.77,5.66,5.73,124170823,710529786.48
2023-08-02,sh.601728,5.72,5.72,5.65,5.67,106361200,602980807.0
2023-08-03,sh.601728,5.64,5.69,5.6,5.64,135909245,766066772.65
2023-08-04,sh.601728,5.66,5.99,5.65,5.88,425008898,2489057714.78
2023-08-07,sh.601728,5.81,5.9,5.76,5.78,163265551,946380395.24
2023-08-08,sh.601728,5.77,5.83,5.75,5.8,99536115,576557015.35
2023-08-09,sh.601728,5.83,5.84,5.73,5.74,125455555,723283146.47
2023-08-10,sh.601728,5.75,5.9,5.74,5.85,163840529,956982914.72
2023-08-11,sh.601728,5.84,6.1,5.83,5.85,366102003,2184304744.71
2023-08-14,sh.601728,5.81,6.09,5.77,6.0,282795835,1685579409.97
2023-08-15,sh.601728,5.99,6.0,5.87,5.94,171881224,1019387414.52
2023-08-16,sh.601728,5.93,5.96,5.7,5.77,167545958,971620214.5
2023-08-17,sh.601728,5.72,5.77,5.64,5.76,120479302,688009993.45
2023-08-18,sh.601728,5.75,5.75,5.62,5.62,133442385,757795675.29
2023-08-21,sh.601728,5.62,5.79,5.6,5.68,136078465,777368998.47
2023-08-22,sh.601728,5.71,6.0,5.71,5.99,399836669,2364084986.9
2023-08-23,sh.601728,5.93,6.07,5.92,5.93,200906362,1202114684.46
2023-08-24,sh.601728,5.96,6.0,5.77,5.8,196549524,1148367238.42
2023-08-25,sh.601728,5.75,5.88,5.69,5.79,167528194,969487135.12
2023-08-28,sh.601728,6.08,6.12,5.87,5.95,215158916,1281965076.57
2023-08-29,sh.601728,5.9,6.06,5.89,6.01,199888237,1197699130.24
2023-08-30,sh.601728,6.01,6.07,5.9,5.93,174097112,1039213934.65
2023-08-31,sh.601728,5.82,5.85,5.68,5.76,154141144,887601521.09
2023-09-01,sh.601728,5.77,5.79,5.66,5.72,113400027,648041285.84
2023-09-04,sh.601728,5.75,5.93,5.71,5.91,223057346,1308432578.99
2023-09-05,sh.601728,5.88,5.93,5.78,5.79,121557200,709467320.09
2023-09-06,sh.601728,5.78,5.84,5.72,5.83,90606108,524567758.48
2023-09-07,sh.601728,5.82,5.92,5.79,5.85,121610946,713040926.39
2023-09-08,sh.601728,5.84,5.94,5.77,5.91,139246736,817906820.12
2023-09-11,sh.601728,5.92,5.95,5.85,5.91,120537841,710233407.42
2023-09-12,sh.601728,5.88,6.02,5.86,6.0,171064117,1018073236.4
2023-09-13,sh.601728,5.99,6.06,5.94,6.02,192598276,1155477832.47
2023-09-14,sh.601728,6.0,6.24,5.98,6.2,256553099,1581675937.88
2023-09-15,sh.601728,6.19,6.26,6.12,6.14,177805771,1097063428.44
2023-09-18,sh.601728,6.11,6.12,5.98,6.01,154786660,931969325.71
2023-09-19,sh.601728,5.99,6.07,5.98,6.03,88942661,536468220.17
2023-09-20,sh.601728,6.01,6.06,5.95,5.95,98196506,587881994.03
2023-09-21,sh.601728,5.93,6.02,5.91,6.0,96005109,573219629.21
2023-09-22,sh.601728,5.98,6.05,5.95,6.04,111822011,670412151.79
2023-09-25,sh.601728,6.02,6.03,5.94,5.98,72974808,435689949.68
2023-09-26,sh.601728,5.97,5.98,5.8,5.83,154578220,906324215.59
2023-09-27,sh.601728,5.82,5.88,5.81,5.86,98905247,577997631.56
2023-09-28,sh.601728,5.87,5.88,5.77,5.79,137911076,799315456.77
2023-10-09,sh.601728,5.78,5.9,5.72,5.86,172272975,1003471834.18
2023-10-10,sh.601728,5.85,5.89,5.79,5.83,94465565,550318283.72
2023-10-11,sh.601728,5.81,5.87,5.78,5.79,78579461,456900126.02
2023-10-12,sh.601728,5.83,5.97,5.79,5.9,167551821,987111928.86
2023-10-13,sh.601728,5.85,5.94,5.81,5.9,106829088,629453198.11
2023-10-16,sh.601728,5.9,5.98,5.85,5.95,126129463,748808394.46
2023-10-17,sh.601728,5.94,6.18,5.93,6.11,193741729,1179285998.68
2023-10-18,sh.601728,6.07,6.14,6.03,6.12,136508094,833297255.05
2023-10-19,sh.601728,6.09,6.14,5.96,5.97,105553458,636345560.47
2023-10-20,sh.601728,5.95,5.96,5.71,5.74,167705732,971955906.12
2023-10-23,sh.601728,5.74,5.78,5.61,5.68,117262880,667327899.48
2023-10-24,sh.601728,5.69,5.71,5.53,5.59,166725605,934081510.01
2023-10-25,sh.601728,5.61,5.63,5.35,5.4,267548674,1459072872.14
2023-10-26,sh.601728,5.36,5.43,5.31,5.42,127992973,688954578.15
2023-10-27,sh.601728,5.38,5.45,5.37,5.42,136456500,738523299.03
2023-10-30,sh.601728,5.41,5.42,5.2,5.31,210009842,1111411410.12
2023-10-31,sh.601728,5.28,5.38,5.26,5.33,146271558,779674162.37
2023-11-01,sh.601728,5.33,5.34,5.27,5.32,98519182,522594515.49
2023-11-02,sh.601728,5.32,5.38,5.32,5.33,88002183,470192381.39
2023-11-03,sh.601728,5.32,5.36,5.3,5.34,99554854,530628874.92
2023-11-06,sh.601728,5.35,5.37,5.23,5.28,245098837,1290100682.17
2023-11-07,sh.601728,5.27,5.28,5.22,5.26,145755938,764885625.15
2023-11-08,sh.601728,5.24,5.25,5.21,5.24,123978996,648816481.52
2023-11-09,sh.601728,5.24,5.27,5.23,5.26,107000300,561742188.76
2023-11-10,sh.601728,5.25,5.27,5.2,5.23,99677165,521624612.5
2023-11-13,sh.601728,5.25,5.28,5.21,5.28,122107949,641790471.08
2023-11-14,sh.601728,5.27,5.3,5.25,5.27,91475561,481688290.25
2023-11-15,sh.601728,5.29,5.3,5.23,5.24,111775120,586796957.4
2023-11-16,sh.601728,5.24,5.24,5.12,5.13,197488068,1019034782.47
2023-11-17,sh.601728,5.1,5.1,4.99,5.06,235768974,1184230768.4
2023-11-20,sh.601728,5.04,5.08,5.0,5.06,114952547,581113814.51
2023-11-21,sh.601728,5.06,5.1,5.05,5.06,115258683,585096562.86
2023-11-22,sh.601728,5.06,5.25,5.05,5.17,247064118,1277838575.14
2023-11-23,sh.601728,5.16,5.19,5.12,5.18,96124018,495490397.24
2023-11-24,sh.601728,5.18,5.21,5.15,5.16,87307654,451864431.18
2023-11-27,sh.601728,5.16,5.17,5.05,5.1,87909432,447900265.84
2023-11-28,sh.601728,5.08,5.1,5.06,5.07,72960392,370220071.96
2023-11-29,sh.601728,5.07,5.11,5.02,5.08,109308597,554383015.95
2023-11-30,sh.601728,5.08,5.23,5.06,5.19,158266800,819981642.33
2023-12-01,sh.601728,5.18,5.29,5.14,5.27,175162477,916651879.68
2023-12-04,sh.601728,5.28,5.29,5.23,5.24,80763128,424555296.6
2023-12-05,sh.601728,5.23,5.26,5.17,5.17,84576809,441836881.65
2023-12-06,sh.601728,5.17,5.18,5.08,5.12,84232230,430541051.73
2023-12-07,sh.601728,5.1,5.12,5.04,5.06,122472428,621558620.35
2023-12-08,sh.601728,5.07,5.18,5.06,5.16,127791065,656010585.0
2023-12-11,sh.601728,5.15,5.2,5.08,5.19,106675238,548413814.72
2023-12-12,sh.601728,5.17,5.28,5.16,5.25,119868328,629185744.56
2023-12-13,sh.601728,5.25,5.26,5.18,5.18,62134207,323506892.62
2023-12-14,sh.601728,5.19,5.26,5.17,5.17,65543600,341075587.0
2023-12-15,sh.601728,5.17,5.22,5.14,5.16,70415829,363907409.63
2023-12-18,sh.601728,5.16,5.17,5.11,5.13,66498300,341496788.0
2023-12-19,sh.601728,5.12,5.19,5.11,5.19,81425695,420517480.93
2023-12-20,sh.601728,5.18,5.2,5.12,5.13,68270914,352920709.68
2023-12-21,sh.601728,5.11,5.18,5.1,5.16,70256509,361875263.29
2023-12-22,sh.601728,5.16,5.22,5.14,5.18,99336209,515218412.15
2023-12-25,sh.601728,5.19,5.2,5.14,5.15,61053447,314773275.62
2023-12-26,sh.601728,5.15,5.27,5.14,5.21,101165953,526548138.42
2023-12-27,sh.601728,5.21,5.37,5.2,5.35,208141095,1104821146.8
2023-12-28,sh.601728,5.35,5.44,5.3,5.35,166150739,890744673.28
2023-12-29,sh.601728,5.32,5.42,5.3,5.41,141716395,760851150.47
2024-01-02,sh.601728,5.4,5.42,5.36,5.37,89578037,482458585.43
2024-01-03,sh.601728,5.35,5.41,5.35,5.39,71645247,385632218.86
2024-01-04,sh.601728,5.38,5.42,5.27,5.34,115021178,613212811.75
2024-01-05,sh.601728,5.33,5.38,5.3,5.34,94900690,506470095.9
2024-01-08,sh.601728,5.31,5.39,5.29,5.35,124923711,668014731.82
2024-01-09,sh.601728,5.34,5.35,5.26,5.29,108131287,572260218.56
2024-01-10,sh.601728,5.28,5.29,5.17,5.19,95723728,500023327.28
2024-01-11,sh.601728,5.17,5.18,5.03,5.11,133625533,681142217.36
2024-01-12,sh.601728,5.08,5.14,5.08,5.11,60071199,307182488.77
2024-01-15,sh.601728,5.1,5.29,5.1,5.23,112238682,586638074.37
2024-01-16,sh.601728,5.25,5.25,5.16,5.25,100641370,524512140.18
2024-01-17,sh.601728,5.23,5.3,5.2,5.2,100081868,526558734.36
2024-01-18,sh.601728,5.18,5.3,5.07,5.28,146977141,760092248.08
2024-01-19,sh.601728,5.27,5.32,5.22,5.29,110427792,582352281.02
2024-01-22,sh.601728,5.28,5.36,5.25,5.31,194977641,1037694417.13
2024-01-23,sh.601728,5.27,5.3,5.17,5.25,106556734,558270076.52
2024-01-24,sh.601728,5.25,5.4,5.24,5.39,130515397,696620803.46
2024-01-25,sh.601728,5.41,5.78,5.39,5.77,348461980,1968188167.27
2024-01-26,sh.601728,5.68,5.8,5.6,5.75,232886987,1327509976.24
2024-01-29,sh.601728,5.73,5.98,5.7,5.79,232768031,1361168660.16
2024-01-30,sh.601728,5.76,5.9,5.74,5.79,151660926,884345329.52
2024-01-31,sh.601728,5.75,5.84,5.66,5.75,163986443,944468337.96
2024-02-01,sh.601728,5.7,5.8,5.68,5.71,116001670,665901544.21
2024-02-02,sh.601728,5.71,5.85,5.5,5.83,192848484,1108507556.14
2024-02-05,sh.601728,5.75,5.9,5.73,5.87,198811296,1161746581.55
2024-02-06,sh.601728,5.84,5.93,5.77,5.85,177765579,1040880379.55
2024-02-07,sh.601728,5.85,5.88,5.68,5.87,220296354,1276379021.24
2024-02-08,sh.601728,5.85,5.87,5.73,5.84,176590943,1022821581.04
2024-02-19,sh.601728,5.82,6.0,5.69,6.0,247215595,1450199765.84
2024-02-20,sh.601728,5.96,6.12,5.93,6.02,192678182,1161572548.93
2024-02-21,sh.601728,5.98,6.09,5.96,5.98,155689155,936088679.58
2024-02-22,sh.601728,6.12,6.23,6.09,6.15,217748588,1338655050.68
2024-02-23,sh.601728,6.14,6.17,6.0,6.03,209774040,1270404534.05
2024-02-26,sh.601728,6.03,6.03,5.83,5.85,221890845,1309410136.19
2024-02-27,sh.601728,5.81,5.94,5.78,5.89,165925118,973915861.26
2024-02-28,sh.601728,5.87,5.92,5.78,5.83,196597314,1148539687.39
2024-02-29,sh.601728,5.8,5.87,5.79,5.85,147280305,859128734.78
2024-03-01,sh.601728,5.84,5.89,5.81,5.86,143041263,836363772.04
2024-03-04,sh.601728,5.85,5.96,5.83,5.95,190879489,1129205672.57
2024-03-05,sh.601728,5.95,6.01,5.91,5.94,155802138,927694294.71
2024-03-06,sh.601728,5.94,5.96,5.88,5.92,118188473,700349899.72
2024-03-07,sh.601728,5.9,5.91,5.8,5.81,136065962,795476221.59
2024-03-08,sh.601728,5.8,5.95,5.8,5.95,135123224,795437855.16
2024-03-11,sh.601728,5.92,5.96,5.83,5.88,117503334,690170042.03
2024-03-12,sh.601728,5.9,5.92,5.67,5.68,240199933,1381309807.36
2024-03-13,sh.601728,5.66,5.68,5.55,5.62,154928206,869592494.58
2024-03-14,sh.601728,5.61,5.67,5.59,5.64,98058047,552085722.27
2024-03-15,sh.601728,5.62,5.64,5.57,5.64,86535628,484534839.61
2024-03-18,sh.601728,5.63,5.74,5.63,5.72,121979688,695065299.33
2024-03-19,sh.601728,5.7,5.75,5.69,5.71,101085296,578394573.87
2024-03-20,sh.601728,5.71,5.83,5.7,5.81,133174871,770992241.79
2024-03-21,sh.601728,5.8,5.82,5.77,5.77,72542954,420032088.01
2024-03-22,sh.601728,5.78,5.84,5.73,5.82,109337673,634089684.5
2024-03-25,sh.601728,5.81,5.9,5.79,5.85,106415577,623545712.17
2024-03-26,sh.601728,5.82,5.9,5.81,5.87,78657164,460081199.4
2024-03-27,sh.601728,5.88,6.0,5.84,5.94,173834485,1031852921.12
2024-03-28,sh.601728,5.93,6.02,5.91,5.98,144113138,859953355.45
2024-03-29,sh.601728,5.95,6.08,5.95,6.08,133563140,806194061.82
2024-04-01,sh.601728,6.1,6.13,5.97,6.02,136115575,822838746.37
2024-04-02,sh.601728,6.0,6.04,5.95,6.01,88778674,531614856.19
2024-04-03,sh.601728,5.98,6.02,5.97,6.0,60186097,360776564.95
2024-04-08,sh.601728,5.99,6.11,5.96,6.04,83959503,507627431.83
2024-04-09,sh.601728,6.02,6.06,5.91,5.93,84809833,505690134.58
2024-04-10,sh.601728,5.93,6.0,5.91,5.95,71036430,422864031.57
2024-04-11,sh.601728,5.92,6.01,5.92,5.95,62055414,370517519.28
2024-04-12,sh.601728,5.94,6.05,5.94,5.96,76844925,460986512.85
2024-04-15,sh.601728,5.97,6.14,5.92,6.14,171407422,1040069878.69
2024-04-16,sh.601728,6.11,6.19,6.08,6.14,141035513,865841296.49
2024-04-17,sh.601728,6.12,6.38,6.05,6.33,190955539,1185918424.53
2024-04-18,sh.601728,6.27,6.43,6.18,6.21,183225124,1153198512.67
2024-04-19,sh.601728,6.2,6.28,6.18,6.25,103735575,646792397.62
2024-04-22,sh.601728,6.23,6.35,6.21,6.24,120521717,754886586.57
2024-04-23,sh.601728,6.24,6.27,6.07,6.1,106892232,658315710.45
2024-04-24,sh.601728,6.12,6.13,5.99,6.09,123302725,746183606.15
2024-04-25,sh.601728,6.08,6.1,6.0,6.09,81242987,491634190.3
2024-04-26,sh.601728,6.07,6.14,6.05,6.08,116888003,713076639.59
2024-04-29,sh.601728,6.08,6.08,5.96,5.97,189365080,1133006078.43
2024-04-30,sh.601728,5.98,6.08,5.97,6.0,133331062,803485310.86
2024-05-06,sh.601728,5.99,6.02,5.87,5.89,252114322,1487179882.53
2024-05-07,sh.601728,5.91,5.92,5.86,5.9,131279386,773246909.57
2024-05-08,sh.601728,5.9,5.98,5.87,5.96,141102904,837853915.76
2024-05-09,sh.601728,5.95,5.98,5.9,5.93,128535185,762603420.46
2024-05-10,sh.601728,5.92,6.01,5.9,5.99,206868914,1235910726.1
2024-05-13,sh.601728,5.95,5.97,5.9,5.94,147948443,876706163.3
2024-05-14,sh.601728,5.93,5.94,5.88,5.92,108255635,640020134.85
2024-05-15,sh.601728,5.92,5.93,5.87,5.87,89882200,529609434.0
2024-05-16,sh.601728,5.87,5.89,5.81,5.83,145856337,850051816.46
2024-05-17,sh.601728,5.82,5.9,5.81,5.89,127235987,745992226.08
2024-05-20,sh.601728,5.89,5.94,5.83,5.91,161257057,948365461.9
2024-05-21,sh.601728,5.89,5.95,5.88,5.94,101337033,600977683.52
2024-05-22,sh.601728,5.94,6.0,5.93,5.98,101097000,603882199.0
2024-05-23,sh.601728,5.95,5.98,5.91,5.95,93455699,555756684.06
2024-05-24,sh.601728,5.93,6.0,5.92,5.94,82730207,493954536.79
2024-05-27,sh.601728,5.94,6.06,5.93,6.04,133576462,804016626.63
2024-05-28,sh.601728,6.04,6.05,5.95,5.95,93299382,559536940.9
2024-05-29,sh.601728,5.95,5.97,5.87,5.91,85087449,502286438.12
2024-05-30,sh.601728,5.9,5.98,5.89,5.93,70509356,419242831.4
2024-05-31,sh.601728,5.93,5.97,5.91,5.94,48482800,287947418.69
2024-06-03,sh.601728,5.92,5.99,5.91,5.95,84578736,503371260.74
2024-06-04,sh.601728,5.95,5.95,5.89,5.93,68801468,407486458.11
2024-06-05,sh.601728,5.92,5.93,5.87,5.87,63385657,373951040.73
2024-06-06,sh.601728,5.87,5.93,5.85,5.9,74891300,441214782.59
2024-06-07,sh.601728,5.9,5.98,5.86,5.97,101143122,600598804.13
2024-06-11,sh.601728,5.97,6.02,5.81,5.84,156416306,921151653.93
2024-06-12,sh.601728,5.83,5.84,5.74,5.82,104386113,604238143.09
2024-06-13,sh.601728,5.75,5.77,5.71,5.77,70497809,405379476.75
2024-06-14,sh.601728,5.77,5.82,5.71,5.73,97029033,559019924.87
2024-06-17,sh.601728,5.71,5.76,5.67,5.68,85188695,487020799.45
2024-06-18,sh.601728,5.68,5.71,5.63,5.7,83429027,473411585.51
2024-06-19,sh.601728,5.71,5.79,5.69,5.78,101240064,581723646.32
2024-06-20,sh.601728,5.76,5.78,5.7,5.76,86947526,499581357.36
2024-06-21,sh.601728,5.74,5.83,5.73,5.82,90920568,527363066.21
2024-06-24,sh.601728,5.83,5.87,5.8,5.82,109763200,640829728.0
2024-06-25,sh.601728,5.82,5.87,5.8,5.84,105142594,613998920.05
2024-06-26,sh.601728,5.82,5.87,5.77,5.85,83376361,485878938.76
2024-06-27,sh.601728,5.84,6.0,5.83,5.98,188835207,1119650480.5
2024-06-28,sh.601728,5.96,6.16,5.96,6.15,171017102,1039873791.25
2024-07-01,sh.601728,6.13,6.18,6.06,6.1,120728498,737926934.63
2024-07-02,sh.601728,6.08,6.2,6.07,6.15,108977040,671096348.91
2024-07-03,sh.601728,6.17,6.21,6.1,6.19,109792857,677129593.04
2024-07-04,sh.601728,6.2,6.22,6.11,6.17,108673240,669888100.33
2024-07-05,sh.601728,6.15,6.22,6.07,6.18,119468323,735096875.06
2024-07-08,sh.601728,6.16,6.27,6.16,6.23,92957525,579749593.75
2024-07-09,sh.601728,6.23,6.3,6.17,6.27,92532300,578842082.0
2024-07-10,sh.601728,6.26,6.33,6.18,6.21,84397350,525851766.43
2024-07-11,sh.601728,6.21,6.24,6.12,6.17,130552989,806166701.73
2024-07-12,sh.601728,6.14,6.28,6.14,6.26,102423873,637959422.42
2024-07-15,sh.601728,6.26,6.35,6.25,6.29,96872524,611167388.08
2024-07-16,sh.601728,6.29,6.35,6.26,6.35,78405647,495772930.75
2024-07-17,sh.601728,6.33,6.36,6.16,6.2,104537629,651805831.58
2024-07-18,sh.601728,6.18,6.35,6.18,6.33,110260727,693240920.08
2024-07-19,sh.601728,6.32,6.42,6.27,6.38,132919411,842806281.55
2024-07-22,sh.601728,6.38,6.41,6.23,6.32,124635508,785836987.43
2024-07-23,sh.601728,6.31,6.4,6.28,6.32,99965400,634125684.92
2024-07-24,sh.601728,6.31,6.43,6.3,6.4,113463600,723364161.0
2024-07-25,sh.601728,6.39,6.41,6.24,6.29,92341983,581504810.5
2024-07-26,sh.601728,6.25,6.27,5.92,6.02,205880631,1240630482.34
2024-07-29,sh.601728,6.02,6.07,5.95,6.05,110236106,663291709.86
2024-07-30,sh.601728,6.04,6.18,6.03,6.16,109031461,667164995.76
2024-07-31,sh.601728,6.16,6.2,6.0,6.02,152722200,921497318.0
2024-08-01,sh.601728,6.02,6.08,6.0,6.03,93700577,565699180.31
2024-08-02,sh.601728,6.0,6.07,5.98,6.06,85986266,519262093.61
2024-08-05,sh.601728,6.02,6.03,5.95,5.97,107029734,640486551.6
2024-08-06,sh.601728,5.97,6.02,5.86,5.96,90057678,533183088.49
2024-08-07,sh.601728,5.95,6.04,5.89,5.91,86501684,514147388.32
2024-08-08,sh.601728,5.9,5.94,5.88,5.89,61883000,365575843.0
2024-08-09,sh.601728,5.9,5.91,5.76,5.78,138951761,807246358.02
2024-08-12,sh.601728,5.75,5.77,5.68,5.69,85276388,486570773.04
2024-08-13,sh.601728,5.7,5.74,5.69,5.73,68988818,394066783.78
2024-08-14,sh.601728,5.73,5.83,5.73,5.8,94496159,547938821.51
2024-08-15,sh.601728,5.8,5.93,5.78,5.91,92427180,544831223.0
2024-08-16,sh.601728,5.9,6.0,5.89,5.98,86512354,516252163.88
2024-08-19,sh.601728,5.98,6.05,5.96,6.03,71369704,429519232.58
2024-08-20,sh.601728,6.04,6.12,6.0,6.04,91611516,554387182.56
2024-08-21,sh.601728,6.06,6.19,6.03,6.18,134261080,822949584.09
2024-08-22,sh.601728,6.17,6.3,6.16,6.23,122099530,762040990.36
2024-08-23,sh.601728,6.22,6.29,6.17,6.22,102129803,635826489.78
2024-08-26,sh.601728,6.23,6.27,6.16,6.24,87866092,546769205.98
2024-08-27,sh.601728,6.21,6.34,6.2,6.32,108144104,681193891.99
2024-08-28,sh.601728,6.32,6.36,6.19,6.22,110674028,691575417.92
2024-08-29,sh.601728,6.19,6.29,6.1,6.18,102645371,635119221.07
2024-08-30,sh.601728,6.18,6.22,6.06,6.1,130325839,794231345.39
2024-09-02,sh.601728,6.07,6.22,6.05,6.19,109576516,675145675.34
2024-09-03,sh.601728,6.17,6.25,6.12,6.23,86634266,536966966.66
2024-09-04,sh.601728,6.2,6.31,6.19,6.23,71830175,449592328.25
2024-09-05,sh.601728,6.25,6.25,6.08,6.16,82657789,509658348.07
2024-09-06,sh.601728,6.19,6.26,6.09,6.1,72791929,448284773.12
2024-09-09,sh.601728,6.13,6.17,6.04,6.16,94892947,580546820.26
2024-09-10,sh.601728,6.14,6.23,6.12,6.19,89118353,551516391.54
2024-09-11,sh.601728,6.01,6.08,5.95,6.05,82523018,496631118.24
2024-09-12,sh.601728,6.01,6.04,5.87,5.88,74318974,440352587.86
2024-09-13,sh.601728,5.9,6.05,5.88,5.95,71345043,427104428.04
2024-09-18,sh.601728,5.93,6.05,5.93,5.93,73369192,439205924.95
2024-09-19,sh.601728,5.96,5.97,5.85,5.87,90241008,531283422.61
2024-09-20,sh.601728,5.87,6.03,5.87,6.02,98833968,587582383.84
2024-09-23,sh.601728,5.98,6.1,5.95,6.06,62526094,377330171.91
2024-09-24,sh.601728,6.06,6.26,6.02,6.25,115240864,708549834.58
2024-09-25,sh.601728,6.27,6.45,6.14,6.19,185121260,1156429919.45
2024-09-26,sh.601728,6.16,6.37,6.04,6.37,248564593,1540516282.81
2024-09-27,sh.601728,6.28,6.35,6.21,6.33,205280367,1286796049.27
2024-09-30,sh.601728,6.37,6.83,6.26,6.71,610178440,3946989762.95
2024-10-08,sh.601728,7.32,7.32,6.43,6.66,592974687,4002807439.02
2024-10-09,sh.601728,6.51,6.51,6.3,6.32,355364209,2275295106.77
2024-10-10,sh.601728,6.32,6.74,6.32,6.64,410272478,2697450743.12
2024-10-11,sh.601728,6.58,6.62,6.28,6.3,285662428,1838405203.76
2024-10-14,sh.601728,6.33,6.55,6.32,6.52,268189838,1729539115.05
2024-10-15,sh.601728,6.49,6.62,6.42,6.43,163726802,1066311043.96
2024-10-16,sh.601728,6.37,6.51,6.35,6.47,116866427,753727537.01
2024-10-17,sh.601728,6.48,6.54,6.4,6.41,133816920,864723894.53
2024-10-18,sh.601728,6.38,6.59,6.31,6.53,187563783,1211603398.86
2024-10-21,sh.601728,6.55,6.67,6.37,6.66,274777352,1792901223.12
2024-10-22,sh.601728,6.59,6.69,6.53,6.65,196272161,1298157168.88
2024-10-23,sh.601728,6.65,6.68,6.54,6.59,203797410,1344688883.17
2024-10-24,sh.601728,6.57,6.58,6.44,6.5,164132710,1061814334.56
2024-10-25,sh.601728,6.49,6.52,6.43,6.47,160084535,1036209349.99
2024-10-28,sh.601728,6.45,6.57,6.36,6.52,152423500,986818588.85
2024-10-29,sh.601728,6.5,6.55,6.42,6.52,142258995,922519247.02
2024-10-30,sh.601728,6.49,6.55,6.45,6.47,113577585,737869539.5
2024-10-31,sh.601728,6.44,6.49,6.33,6.36,189310252,1209501831.94
2024-11-01,sh.601728,6.36,6.44,6.33,6.41,141605889,907502491.27
2024-11-04,sh.601728,6.42,6.44,6.35,6.39,112387068,717420129.25
2024-11-05,sh.601728,6.39,6.42,6.35,6.42,200128944,1278971192.99
2024-11-06,sh.601728,6.41,6.48,6.4,6.45,190260427,1224306799.71
2024-11-07,sh.601728,6.4,6.57,6.38,6.57,226451988,1469079219.98
2024-11-08,sh.601728,6.57,6.59,6.44,6.51,197846147,1286601346.17
2024-11-11,sh.601728,6.5,6.52,6.4,6.52,147661918,952425281.71
2024-11-12,sh.601728,6.5,6.5,6.35,6.36,169734941,1089619554.39
2024-11-13,sh.601728,6.36,6.96,6.35,6.7,502115342,3359034837.63
2024-11-14,sh.601728,6.56,6.71,6.46,6.56,264000269,1732374454.01
2024-11-15,sh.601728,6.5,6.97,6.5,6.7,396164776,2674444021.87
2024-11-18,sh.601728,6.71,6.92,6.61,6.75,315363161,2132797920.18
2024-11-19,sh.601728,6.69,6.71,6.42,6.53,262191709,1713233055.15
2024-11-20,sh.601728,6.47,6.64,6.46,6.63,176530139,1161245424.45
2024-11-21,sh.601728,6.6,6.66,6.48,6.52,129197523,845886692.16
2024-11-22,sh.601728,6.5,6.6,6.4,6.42,139886600,907941946.0
2024-11-25,sh.601728,6.43,6.52,6.33,6.38,141760869,909968756.19
2024-11-26,sh.601728,6.38,6.47,6.34,6.43,93201764,599882708.33
2024-11-27,sh.601728,6.4,6.57,6.4,6.53,136050399,885892207.48
2024-11-28,sh.601728,6.53,6.56,6.42,6.44,101523862,658071611.52
2024-11-29,sh.601728,6.44,6.53,6.44,6.47,104271689,676816234.53
2024-12-02,sh.601728,6.45,6.5,6.44,6.49,94151507,609505982.6
2024-12-03,sh.601728,6.48,6.54,6.45,6.53,96141488,624691335.88
2024-12-04,sh.601728,6.52,6.71,6.49,6.66,181523801,1202009435.71
2024-12-05,sh.601728,6.68,6.74,6.6,6.62,97851257,649960661.75
2024-12-06,sh.601728,6.63,6.69,6.56,6.63,136911105,907291956.43
2024-12-09,sh.601728,6.63,6.8,6.61,6.73,146948912,987967307.41
2024-12-10,sh.601728,6.79,6.84,6.68,6.7,144302199,970359317.24
2024-12-11,sh.601728,6.7,6.74,6.64,6.72,128209387,859246318.24
2024-12-12,sh.601728,6.7,6.85,6.69,6.82,166202152,1128356073.93
2024-12-13,sh.601728,6.82,6.89,6.75,6.79,168451954,1148136567.79
2024-12-16,sh.601728,6.79,7.02,6.79,6.98,207125089,1440537128.74
2024-12-17,sh.601728,6.98,7.2,6.96,6.98,165815344,1168306743.65
2024-12-18,sh.601728,6.93,7.11,6.93,7.01,150216072,1055350850.22
2024-12-19,sh.601728,6.96,7.17,6.95,7.09,124277107,881389024.54
2024-12-20,sh.601728,7.05,7.12,7.01,7.05,96941350,684837129.5
2024-12-23,sh.601728,7.05,7.13,7.02,7.06,129944325,919116918.5
2024-12-24,sh.601728,7.06,7.1,6.97,7.09,108406789,764085725.82
2024-12-25,sh.601728,7.09,7.3,7.08,7.21,142479320,1029908636.32
2024-12-26,sh.601728,7.23,7.26,7.04,7.23,123898300,886575053.31
2024-12-27,sh.601728,7.18,7.26,7.1,7.17,102501578,734371891.92
2024-12-30,sh.601728,7.17,7.3,7.15,7.26,103354169,748643037.91
2024-12-31,sh.601728,7.28,7.35,7.22,7.22,102490712,745617620.38
2025-01-02,sh.601728,7.22,7.28,7.03,7.11,173702497,1236590567.2
2025-01-03,sh.601728,7.11,7.18,6.94,7.01,126316039,887517363.64
2025-01-06,sh.601728,6.98,7.04,6.9,7.0,97866481,682092323.24
2025-01-07,sh.601728,6.99,7.02,6.92,7.0,64736122,451490386.78
2025-01-08,sh.601728,6.98,7.17,6.94,7.16,110683800,783927166.0
2025-01-09,sh.601728,7.15,7.17,7.05,7.07,66860900,474416388.0
2025-01-10,sh.601728,7.07,7.08,6.97,6.98,60493772,424701267.44
2025-01-13,sh.601728,6.92,6.98,6.75,6.83,107490691,734843009.51
2025-01-14,sh.601728,6.83,7.03,6.81,6.89,87930900,607436433.09
2025-01-15,sh.601728,6.9,7.03,6.86,6.88,67527700,468639862.0
2025-01-16,sh.601728,6.88,6.99,6.85,6.95,76343662,528766249.17
2025-01-17,sh.601728,6.94,7.04,6.89,6.94,58367300,407075002.0
2025-01-20,sh.601728,6.95,7.0,6.86,6.87,66278000,458371923.0
2025-01-21,sh.601728,6.88,6.89,6.67,6.69,133575550,901802880.5
2025-01-22,sh.601728,6.7,6.8,6.63,6.76,86575348,582438375.61
2025-01-23,sh.601728,6.79,6.96,6.78,6.85,94403170,648523106.48
2025-01-24,sh.601728,6.82,7.0,6.82,6.91,81601789,564198091.21
2025-01-27,sh.601728,6.94,7.11,6.89,7.06,87660565,615860348.29
2025-02-05,sh.601728,7.09,7.15,6.92,6.97,101957662,713114476.82
2025-02-06,sh.601728,7.01,7.12,6.93,7.09,135417706,950765934.99
2025-02-07,sh.601728,7.07,7.33,7.01,7.13,130756430,932453486.03
2025-02-10,sh.601728,7.3,7.84,7.27,7.6,446633226,3405071046.58
2025-02-11,sh.601728,7.58,8.07,7.51,7.8,471841456,3671997647.79
2025-02-12,sh.601728,7.72,7.79,7.59,7.74,284932695,2194683950.58
2025-02-13,sh.601728,7.7,8.01,7.7,7.76,306191787,2406216682.19
2025-02-14,sh.601728,7.65,8.01,7.59,7.9,388428870,3041143820.85
2025-02-17,sh.601728,8.12,8.43,8.0,8.15,567924975,4658078699.54
2025-02-18,sh.601728,8.15,8.4,8.08,8.15,329727427,2707082400.41
2025-02-19,sh.601728,8.18,8.34,8.01,8.06,269059033,2186074972.41
2025-02-20,sh.601728,7.96,8.05,7.77,7.82,248738627,1956113530.03
2025-02-21,sh.601728,7.98,8.6,7.95,8.6,476816543,4004076504.28
2025-02-24,sh.601728,8.6,8.61,8.29,8.36,381932267,3237690196.83
2025-02-25,sh.601728,8.18,8.33,8.06,8.12,197208467,1617391768.98
2025-02-26,sh.601728,8.28,8.32,8.0,8.06,169885454,1374565655.78
2025-02-27,sh.601728,8.07,8.12,7.81,7.9,192587058,1525235921.34
2025-02-28,sh.601728,7.88,7.93,7.73,7.75,149412948,1168716755.89
2025-03-03,sh.601728,7.8,8.08,7.8,7.92,190224204,1513775787.61
2025-03-04,sh.601728,7.86,7.92,7.75,7.8,121367302,947033217.76
2025-03-05,sh.601728,7.8,8.08,7.79,8.04,162310024,1294511680.24
2025-03-06,sh.601728,8.11,8.3,8.03,8.26,218164462,1789037769.13
2025-03-07,sh.601728,8.19,8.41,8.17,8.22,115487367,952545888.85
2025-03-10,sh.601728,8.22,8.23,7.94,7.96,152394351,1221268498.46
2025-03-11,sh.601728,7.83,8.04,7.83,8.04,111924363,892266168.5
2025-03-12,sh.601728,8.05,8.08,7.78,7.93,163973455,1296170422.11
2025-03-13,sh.601728,7.91,7.98,7.78,7.83,114216348,898289346.4
2025-03-14,sh.601728,7.8,7.96,7.74,7.82,158539882,1244793614.0
2025-03-17,sh.601728,7.82,7.88,7.73,7.81,104111350,812473702.99
2025-03-18,sh.601728,7.83,7.95,7.8,7.86,123711809,975132930.78
2025-03-19,sh.601728,7.85,7.85,7.6,7.64,158721063,1217098343.33
2025-03-20,sh.601728,7.61,7.64,7.49,7.51,121938832,918943298.29
2025-03-21,sh.601728,7.51,7.62,7.48,7.52,116339471,879850480.41
2025-03-24,sh.601728,7.51,7.65,7.5,7.61,128787557,978588326.18
2025-03-25,sh.601728,7.62,7.64,7.51,7.57,93199695,704513078.9
2025-03-26,sh.601728,7.59,7.73,7.55,7.65,129302867,989085002.8
2025-03-27,sh.601728,7.67,7.84,7.63,7.71,119508400,927242449.0
2025-03-28,sh.601728,7.72,7.74,7.61,7.72,80363095,616684925.84
2025-03-31,sh.601728,7.7,7.91,7.67,7.85,147523243,1154996630.03
2025-04-01,sh.601728,7.85,7.87,7.71,7.81,98649368,767665786.4
2025-04-02,sh.601728,7.78,7.9,7.76,7.88,80060137,627581220.82
2025-04-03,sh.601728,7.85,8.06,7.83,8.03,118706727,947320095.19
2025-04-07,sh.601728,7.82,8.02,7.6,7.87,255495936,1993771296.58
2025-04-08,sh.601728,7.86,8.22,7.82,8.22,246797667,1981596413.08
2025-04-09,sh.601728,8.2,8.31,8.03,8.3,232545465,1893142968.46
2025-04-10,sh.601728,8.3,8.3,7.95,8.18,255219606,2050586638.84
2025-04-11,sh.601728,8.05,8.05,7.9,7.93,169246058,1345142703.92
2025-04-14,sh.601728,7.9,7.93,7.73,7.89,139589954,1096198103.54
2025-04-15,sh.601728,7.89,8.0,7.85,7.98,134808698,1071448234.76
2025-04-16,sh.601728,7.97,8.12,7.92,8.12,176576911,1420252941.66
2025-04-17,sh.601728,8.07,8.13,7.96,8.06,125005616,1001778397.3
2025-04-18,sh.601728,7.99,8.03,7.92,7.97,70921844,565465097.55
2025-04-21,sh.601728,7.94,8.0,7.9,7.93,75649100,600307455.63
2025-04-22,sh.601728,7.92,7.98,7.86,7.87,105819809,836027167.42
2025-04-23,sh.601728,7.87,7.88,7.75,7.76,120665737,939071184.01
2025-04-24,sh.601728,7.76,7.77,7.71,7.77,79896055,618519438.43
2025-04-25,sh.601728,7.77,7.8,7.67,7.7,88576201,683646587.41
2025-04-28,sh.601728,7.6,7.79,7.57,7.76,121006120,932956203.49
2025-04-29,sh.601728,7.76,7.81,7.7,7.73,79812477,619057600.83
2025-04-30,sh.601728,7.74,7.75,7.68,7.69,69882360,538921844.6
2025-05-06,sh.601728,7.72,7.83,7.65,7.78,131029346,1014918204.95
2025-05-07,sh.601728,7.85,7.91,7.74,7.91,145872385,1141676324.05
2025-05-08,sh.601728,7.86,7.9,7.8,7.81,85953667,673767015.59
2025-05-09,sh.601728,7.8,7.86,7.78,7.81,86014400,673835104.56
2025-05-12,sh.601728,7.82,7.84,7.74,7.8,97048041,755135718.57
2025-05-13,sh.601728,7.8,7.81,7.75,7.76,75024894,583263054.5
2025-05-14,sh.601728,7.75,7.88,7.74,7.87,113272042,886426101.39
2025-05-15,sh.601728,7.86,7.93,7.82,7.92,93605904,738252461.3
2025-05-16,sh.601728,7.88,7.91,7.68,7.82,143902284,1118197087.77
2025-05-19,sh.601728,7.77,7.79,7.74,7.77,74258324,576209749.46
2025-05-20,sh.601728,7.77,7.96,7.77,7.86,156280283,1230525495.22
2025-05-21,sh.601728,7.86,7.95,7.86,7.92,84492300,668919951.0
2025-05-22,sh.601728,7.92,7.94,7.86,7.9,48002100,378438717.0
2025-05-23,sh.601728,7.9,7.98,7.86,7.92,84390100,670348223.29
2025-05-26,sh.601728,7.92,7.94,7.82,7.85,62786100,493667067.0
2025-05-27,sh.601728,7.84,7.95,7.83,7.93,76048527,602296900.84
2025-05-28,sh.601728,7.93,8.02,7.88,7.91,95840580,763155430.2
2025-05-29,sh.601728,7.9,8.06,7.85,8.04,128603202,1029314237.4
2025-05-30,sh.601728,8.05,8.08,7.95,8.03,88630017,710262484.96
2025-06-03,sh.601728,8.0,8.07,7.93,7.95,79368050,633237291.0
2025-06-04,sh.601728,7.97,7.99,7.88,7.89,86346900,682685043.0
2025-06-05,sh.601728,7.89,8.02,7.87,7.96,96333500,766079097.0
2025-06-06,sh.601728,7.96,8.03,7.9,8.02,82423870,657199090.09
2025-06-09,sh.601728,8.0,8.04,7.96,8.0,71150810,568847896.57
2025-06-10,sh.601728,8.0,8.08,7.88,7.88,102872879,817622808.34
2025-06-11,sh.601728,7.82,7.82,7.73,7.76,79693905,619415412.65
2025-06-12,sh.601728,7.75,7.77,7.61,7.62,122731179,939251477.45
2025-06-13,sh.601728,7.61,7.69,7.59,7.67,137368775,1051466483.08
2025-06-16,sh.601728,7.61,7.76,7.61,7.75,97076306,746969835.61
2025-06-17,sh.601728,7.72,7.78,7.71,7.76,63691425,493292270.0
2025-06-18,sh.601728,7.76,7.82,7.74,7.81,68683337,535370769.5
2025-06-19,sh.601728,7.81,7.88,7.73,7.84,99863869,779601224.53
2025-06-20,sh.601728,7.81,7.92,7.8,7.9,71702066,565037200.2
2025-06-23,sh.601728,7.86,7.93,7.83,7.86,54180725,426370825.25
2025-06-24,sh.601728,7.88,7.95,7.87,7.91,76386149,605123758.57
2025-06-25,sh.601728,7.9,7.92,7.83,7.88,68198638,536547277.01
2025-06-26,sh.601728,7.86,7.87,7.78,7.83,81628916,637849951.44
2025-06-27,sh.601728,7.83,7.83,7.73,7.75,83548087,649371137.92
2025-06-30,sh.601728,7.69,7.8,7.66,7.75,92726565,717164570.47
2025-07-01,sh.601728,7.74,7.78,7.73,7.74,62081900,481178734.0
2025-07-02,sh.601728,7.74,7.76,7.71,7.73,60221406,465804739.4
2025-07-03,sh.601728,7.74,7.76,7.66,7.68,79812158,613561160.73
2025-07-04,sh.601728,7.67,7.71,7.65,7.7,82351772,632314206.56
2025-07-07,sh.601728,7.71,7.71,7.63,7.65,75201872,575270161.8
2025-07-08,sh.601728,7.65,7.66,7.62,7.63,89714717,684944375.52
2025-07-09,sh.601728,7.63,7.75,7.61,7.69,140053196,1078187981.78
2025-07-10,sh.601728,7.69,7.73,7.67,7.69,93653697,721314526.37
2025-07-11,sh.601728,7.69,7.75,7.52,7.52,182301462,1400911508.96
2025-07-14,sh.601728,7.59,7.69,7.58,7.63,139203245,1064303458.1
2025-07-15,sh.601728,7.64,7.68,7.59,7.67,83919036,640920178.96
2025-07-16,sh.601728,7.66,7.7,7.62,7.64,51593500,394782158.0
2025-07-17,sh.601728,7.62,7.64,7.51,7.58,166326783,1255289626.75
2025-07-18,sh.601728,7.57,7.65,7.53,7.62,128213143,974857710.92
2025-07-21,sh.601728,7.63,7.64,7.58,7.59,96823000,735895133.03
2025-07-22,sh.601728,7.59,7.61,7.56,7.58,111892926,847653213.56
2025-07-23,sh.601728,7.58,7.64,7.55,7.58,127022366,963964774.82
2025-07-24,sh.601728,7.57,7.58,7.51,7.54,134514083,1014018310.2
2025-07-25,sh.601728,7.53,7.54,7.37,7.38,258691600,1923857398.95
2025-07-28,sh.601728,7.39,7.39,7.27,7.3,170494486,1246427629.76
2025-07-29,sh.601728,7.29,7.43,7.28,7.39,172525988,1272296543.8
2025-07-30,sh.601728,7.39,7.52,7.36,7.49,137318969,1025085361.96
2025-07-31,sh.601728,7.48,7.5,7.37,7.49,145750658,1086242120.83
2025-08-01,sh.601728,7.46,7.53,7.39,7.45,116100576,865334097.68
2025-08-04,sh.601728,7.43,7.47,7.39,7.4,82782472,614085824.08
2025-08-05,sh.601728,7.42,7.44,7.36,7.41,86671245,641609008.25
2025-08-06,sh.601728,7.4,7.41,7.33,7.35,130896650,963268262.5
2025-08-07,sh.601728,7.33,7.36,7.29,7.3,137409997,1004309261.07
2025-08-08,sh.601728,7.3,7.43,7.3,7.38,125394024,924125583.85
2025-08-11,sh.601728,7.37,7.43,7.33,7.38,113446630,838150170.03
2025-08-12,sh.601728,7.38,7.42,7.37,7.37,80265750,593553108.5
2025-08-13,sh.601728,7.38,7.41,7.36,7.37,118473887,873609756.79
2025-08-14,sh.601728,7.38,7.46,7.37,7.4,138714723,1030017236.73
2025-08-15,sh.601728,7.44,7.45,7.31,7.32,195903189,1437919120.62
2025-08-18,sh.601728,7.33,7.49,7.31,7.47,251322742,1869931225.66
2025-08-19,sh.601728,7.48,7.48,7.38,7.38,124982341,926325957.77
2025-08-20,sh.601728,7.38,7.39,7.31,7.38,112592973,826458540.46
2025-08-21,sh.601728,7.38,7.54,7.36,7.53,223033079,1670491735.12
2025-08-22,sh.601728,7.49,7.62,7.43,7.6,187594104,1414440472.72
2025-08-25,sh.601728,7.6,7.68,7.56,7.67,179585402,1367503252.78
2025-08-26,sh.601728,7.66,7.67,7.54,7.58,155984159,1182127212.32
2025-08-27,sh.601728,7.57,7.58,7.48,7.48,148019354,1115241103.89
2025-08-28,sh.601728,7.48,7.59,7.48,7.58,145050520,1093066625.03
2025-08-29,sh.601728,7.56,7.62,7.54,7.61,123704506,939380894.79
2025-09-01,sh.601728,7.65,7.66,7.55,7.58,134732136,1023655431.42
2025-09-02,sh.601728,7.56,7.64,7.53,7.62,154969903,1176824614.23
2025-09-03,sh.601728,7.61,7.62,7.51,7.58,111745257,842597574.07
2025-09-04,sh.601728,7.4,7.48,7.23,7.4,194664566,1427205183.99
2025-09-05,sh.601728,7.36,7.39,7.23,7.26,162035221,1178614320.67
2025-09-08,sh.601728,7.26,7.34,7.2,7.27,181455397,1316256297.13
2025-09-09,sh.601728,7.25,7.26,7.18,7.2,108897047,784949790.11
2025-09-10,sh.601728,7.21,7.37,7.18,7.29,185493198,1353192255.0
2025-09-11,sh.601728,7.25,7.33,7.22,7.33,148599670,1080459311.74
2025-09-12,sh.601728,7.32,7.36,7.23,7.23,139208205,1013383489.7
2025-09-15,sh.601728,7.22,7.23,7.12,7.13,158140601,1132658144.68
2025-09-16,sh.601728,7.13,7.15,6.98,7.0,191824317,1348293386.81
2025-09-17,sh.601728,7.01,7.03,6.92,6.95,158317433,1100447344.84
2025-09-18,sh.601728,6.95,6.95,6.75,6.77,188444698,1289579574.05
2025-09-19,sh.601728,6.78,6.81,6.74,6.78,106318151,719666275.7
2025-09-22,sh.601728,6.78,6.79,6.68,6.73,101838837,683403493.6
2025-09-23,sh.601728,6.72,6.76,6.65,6.69,116531311,779069383.42
2025-09-24,sh.601728,6.66,6.74,6.63,6.72,97402531,653059844.32
2025-09-25,sh.601728,6.72,6.72,6.65,6.69,89006454,594587155.2
2025-09-26,sh.601728,6.68,6.7,6.65,6.67,73419624,490002539.21
2025-09-29,sh.601728,6.67,6.7,6.57,6.66,167018140,1106710588.14
2025-09-30,sh.601728,6.65,6.68,6.61,6.66,108068044,718180964.87
2025-10-09,sh.601728,6.66,6.77,6.64,6.76,142092929,954657318.59
2025-10-10,sh.601728,6.74,6.8,6.71,6.76,103390700,698867702.0
2025-10-13,sh.601728,6.7,6.87,6.63,6.83,191583842,1296701298.5
2025-10-14,sh.601728,6.83,6.86,6.78,6.84,125867700,859467233.0
2025-10-15,sh.601728,6.84,6.88,6.77,6.8,110607166,753861939.51
2025-10-16,sh.601728,6.79,6.85,6.78,6.83,105666448,720306424.88
2025-10-17,sh.601728,6.83,6.95,6.82,6.91,191333530,1319751049.57
2025-10-20,sh.601728,6.92,6.94,6.81,6.85,131271452,899302404.64
2025-10-21,sh.601728,6.85,6.89,6.81,6.82,101661111,694878442.76
2025-10-22,sh.601728,6.82,6.9,6.8,6.86,131408306,900526595.16
2025-10-23,sh.601728,6.85,6.91,6.83,6.9,119280500,820250943.0
2025-10-24,sh.601728,6.9,6.92,6.86,6.87,83561383,575388642.64
2025-10-27,sh.601728,6.87,6.91,6.84,6.89,103612209,713002224.07
2025-10-28,sh.601728,6.89,6.91,6.84,6.88,88241600,606794725.0
2025-10-29,sh.601728,6.88,6.89,6.83,6.85,84339700,577542761.0
2025-10-30,sh.601728,6.86,6.91,6.83,6.84,113380491,778944103.96
2025-10-31,sh.601728,6.86,6.86,6.69,6.69,158955956,1069751260.56
2025-11-03,sh.601728,6.7,6.74,6.68,6.74,85668497,575090409.91
2025-11-04,sh.601728,6.73,6.78,6.69,6.75,96303859,649699030.14
2025-11-05,sh.601728,6.73,6.76,6.69,6.74,73378200,493691621.0
2025-11-06,sh.601728,6.74,6.78,6.72,6.76,82041039,554611956.36
2025-11-07,sh.601728,6.76,6.87,6.75,6.86,104691809,715391578.4
2025-11-10,sh.601728,6.86,6.9,6.84,6.89,81576100,560583852.0
2025-11-11,sh.601728,6.88,6.9,6.84,6.88,66035437,453803736.02
2025-11-12,sh.601728,6.89,6.95,6.86,6.9,109010581,752562905.69
2025-11-13,sh.601728,6.9,6.9,6.79,6.84,110118402,751925908.66
2025-11-14,sh.601728,6.83,6.86,6.82,6.82,66242102,452856619.7
2025-11-17,sh.601728,6.8,6.81,6.74,6.76,73597007,497656510.18
2025-11-18,sh.601728,6.74,6.79,6.72,6.75,74193690,501400372.11
2025-11-19,sh.601728,6.76,6.83,6.75,6.8,78753066,535437020.99
2025-11-20,sh.601728,6.81,6.9,6.8,6.84,128151420,878845196.9
2025-11-21,sh.601728,6.83,6.85,6.77,6.79,146388616,995861191.26
2025-11-24,sh.601728,6.82,6.88,6.78,6.85,124401204,850626435.36
2025-11-25,sh.601728,6.85,6.87,6.79,6.83,99007328,675182004.38
2025-11-26,sh.601728,6.82,6.9,6.81,6.83,129418531,887787591.06
2025-11-27,sh.601728,6.83,6.85,6.76,6.77,103011607,699396220.89
2025-11-28,sh.601728,6.77,6.87,6.75,6.86,121830874,831372094.2
2025-12-01,sh.601728,6.85,6.89,6.82,6.88,81340378,558036053.7
2025-12-02,sh.601728,6.9,6.98,6.87,6.96,132975863,924260914.85
2025-12-03,sh.601728,6.96,6.98,6.9,6.94,76508644,530992068.89
2025-12-04,sh.601728,6.93,6.97,6.88,6.9,71053718,492048743.03
2025-12-05,sh.601728,6.9,6.92,6.83,6.87,83762029,575570249.06
2025-12-08,sh.601728,6.87,6.93,6.81,6.82,88462844,607732459.64
2025-12-09,sh.601728,6.81,6.88,6.81,6.82,74957538,512252473.82
2025-12-10,sh.601728,6.82,6.86,6.77,6.8,75591375,514533905.85
2025-12-11,sh.601728,6.81,6.82,6.72,6.79,122593852,828742538.59
2025-12-12,sh.601728,6.73,6.75,6.64,6.7,175988184,1175531529.83
2025-12-15,sh.601728,6.69,6.7,6.62,6.62,79902600,531514668.0
2025-12-16,sh.601728,6.62,6.71,6.5,6.7,160136391,1058114710.41
2025-12-17,sh.601728,6.67,6.7,6.59,6.68,94289200,626697510.0
2025-12-18,sh.601728,6.67,6.69,6.61,6.67,102133951,678995336.0
2025-12-19,sh.601728,6.66,6.81,6.66,6.78,213562989,1446993789.84
2025-12-22,sh.601728,6.79,6.81,6.63,6.64,171711620,1148390434.31
2025-12-23,sh.601728,6.64,6.65,6.54,6.56,143246097,945646434.0
2025-12-24,sh.601728,6.55,6.56,6.43,6.49,222818155,1441907351.45
2025-12-25,sh.601728,6.46,6.53,6.45,6.47,123916192,803798249.4
2025-12-26,sh.601728,6.46,6.47,6.4,6.42,148632800,955071117.0
2025-12-29,sh.601728,6.41,6.42,6.26,6.28,194869702,1233745991.64
2025-12-30,sh.601728,6.26,6.29,6.22,6.24,105108350,657035791.32
2025-12-31,sh.601728,6.24,6.31,6.24,6.3,95926354,602750468.66
2026-01-05,sh.601728,6.3,6.35,6.29,6.34,120209913,758839653.58
2026-01-06,sh.601728,6.34,6.35,6.28,6.35,159250086,1005117831.98
2026-01-07,sh.601728,6.35,6.35,6.25,6.26,147420070,926837899.2
2026-01-08,sh.601728,6.26,6.31,6.24,6.28,147963874,927048757.53
2026-01-09,sh.601728,6.27,6.37,6.26,6.32,176492990,1115816295.65
2026-01-12,sh.601728,6.35,6.42,6.33,6.37,219894561,1403346598.13
2026-01-13,sh.601728,6.38,6.4,6.3,6.32,164382378,1043301944.96
2026-01-14,sh.601728,6.32,6.34,6.25,6.26,212178724,1337125842.46
2026-01-15,sh.601728,6.25,6.26,6.09,6.1,254845818,1568935423.19
2026-01-16,sh.601728,6.11,6.14,5.96,5.97,249569622,1503013515.1
2026-01-19,sh.601728,5.98,6.02,5.93,5.94,192882045,1151686253.3
2026-01-20,sh.601728,5.95,5.97,5.92,5.95,196918532,1170381748.53
2026-01-21,sh.601728,5.94,5.95,5.78,5.8,300469704,1758380810.77
2026-01-22,sh.601728,5.81,5.88,5.8,5.83,230332732,1344220642.38
2026-01-23,sh.601728,5.85,5.86,5.8,5.81,233730828,1360221369.4
2026-01-26,sh.601728,5.82,5.86,5.79,5.79,270790002,1575586750.07
2026-01-27,sh.601728,5.8,5.84,5.75,5.76,252651693,1464245831.26
2026-01-28,sh.601728,5.79,5.99,5.75,5.93,526576634,3094937517.42
2026-01-29,sh.601728,5.9,5.98,5.83,5.94,339343705,2000945031.21
2026-01-30,sh.601728,5.94,6.05,5.92,6.0,305519949,1829835969.44
2026-02-02,sh.601728,5.8,5.81,5.71,5.74,391594056,2252476132.53
2026-02-03,sh.601728,5.74,5.75,5.64,5.66,245541018,1393853239.55
2026-02-04,sh.601728,5.65,5.75,5.62,5.75,188123577,1070938162.14
2026-02-05,sh.601728,5.74,5.83,5.72,5.82,163043687,943056641.61
2026-02-06,sh.601728,5.81,5.83,5.77,5.78,113037300,655000998.0
2026-02-09,sh.601728,5.8,5.81,5.74,5.76,116721355,672589707.71
2026-02-10,sh.601728,5.76,5.78,5.74,5.75,82416234,474168704.16
2026-02-11,sh.601728,5.75,5.77,5.71,5.73,113226069,649436327.74
2026-02-12,sh.601728,5.73,5.74,5.68,5.69,124853411,711399644.59
2026-02-13,sh.601728,5.69,5.7,5.66,5.67,105627499,599609065.39
2026-02-24,sh.601728,5.69,5.75,5.67,5.73,140207805,800381544.37
2026-02-25,sh.601728,5.74,5.77,5.71,5.73,132783286,762587097.18
2026-02-26,sh.601728,5.73,5.74,5.68,5.68,97565288,556076901.72
2026-02-27,sh.601728,5.68,5.8,5.68,5.79,179282366,1031181132.66
2026-03-02,sh.601728,5.75,5.9,5.74,5.87,227945916,1332541071.05
2026-03-03,sh.601728,5.87,5.96,5.84,5.88,228514461,1348820576.62
2026-03-04,sh.601728,5.86,5.9,5.78,5.87,175837251,1024627986.83
2026-03-05,sh.601728,5.91,5.95,5.84,5.94,153951839,908957995.67
2026-03-06,sh.601728,5.94,5.97,5.9,5.97,120047154,713100920.88
2026-03-09,sh.601728,5.93,6.04,5.92,6.01,196260199,1176150786.01
2026-03-10,sh.601728,6.02,6.02,5.91,5.95,163707425,974105957.5
2026-03-11,sh.601728,5.95,6.04,5.94,6.0,175642242,1054675917.02
2026-03-12,sh.601728,6.01,6.01,5.96,6.0,141829878,848779436.77
2026-03-13,sh.601728,5.98,6.2,5.98,6.18,405905201,2483010149.55
2026-03-16,sh.601728,6.18,6.26,6.11,6.11,237020804,1464195460.77
2026-03-17,sh.601728,6.12,6.16,6.09,6.1,130307441,798160185.25
2026-03-18,sh.601728,6.1,6.13,6.05,6.07,123977594,753839014.58
2026-03-19,sh.601728,6.05,6.14,6.02,6.11,174164045,1063966486.1
2026-03-20,sh.601728,6.1,6.12,5.93,5.94,215269840,1289010453.5
2026-03-23,sh.601728,5.88,5.9,5.76,5.79,241587168,1406207766.6
